Meter Type,Main Meter,,,
Date / End Time,kW Export,kW Import,kVAR Export,kVAR Import
11/01/2025 00:30:00,0,1007,0,236
11/01/2025 01:00:00,0,873,0,182
11/01/2025 01:30:00,0,1139,0,298
11/01/2025 02:00:00,0,1277,0,406
11/01/2025 02:30:00,0,1322,0,399
11/01/2025 03:00:00,0,1331,0,415
11/01/2025 03:30:00,0,1424,0,464
11/01/2025 04:00:00,0,1223,0,365
11/01/2025 04:30:00,0,1263,0,383
11/01/2025 05:00:00,0,1234,0,378
11/01/2025 05:30:00,0,1215,0,354
11/01/2025 06:00:00,0,1094,0,317
11/01/2025 06:30:00,0,883,0,202
11/01/2025 07:00:00,0,1151,0,319
11/01/2025 07:30:00,0,1227,0,383
11/01/2025 08:00:00,0,1027,0,255
11/01/2025 08:30:00,0,932,0,296
11/01/2025 09:00:00,0,1023,0,373
11/01/2025 09:30:00,0,1104,0,424
11/01/2025 10:00:00,0,1146,0,442
11/01/2025 10:30:00,0,1039,0,424
11/01/2025 11:00:00,0,974,0,400
11/01/2025 11:30:00,0,925,0,378
11/01/2025 12:00:00,0,1414,0,456
11/01/2025 12:30:00,0,1318,0,455
11/01/2025 13:00:00,0,935,0,388
11/01/2025 13:30:00,0,481,0,216
11/01/2025 14:00:00,0,264,0,174
11/01/2025 14:30:00,0,707,0,376
11/01/2025 15:00:00,0,1056,0,487
11/01/2025 15:30:00,0,1042,0,432
11/01/2025 16:00:00,0,1126,0,441
11/01/2025 16:30:00,0,1109,0,455
11/01/2025 17:00:00,0,598,0,228
11/01/2025 17:30:00,0,502,0,157
11/01/2025 18:00:00,0,808,0,226
11/01/2025 18:30:00,0,903,0,254
11/01/2025 19:00:00,0,889,0,248
11/01/2025 19:30:00,0,939,0,234
11/01/2025 20:00:00,0,841,0,229
11/01/2025 20:30:00,0,1022,0,303
11/01/2025 21:00:00,0,1271,0,390
11/01/2025 21:30:00,0,1243,0,391
11/01/2025 22:00:00,0,1208,0,352
11/01/2025 22:30:00,0,1242,0,394
11/01/2025 23:00:00,0,1261,0,374
11/01/2025 23:30:00,0,1256,0,397
11/02/2025 00:00:00,0,1242,0,365
11/02/2025 00:30:00,0,1038,0,271
11/02/2025 01:00:00,0,961,0,248
11/02/2025 01:30:00,0,1075,0,312
11/02/2025 02:00:00,0,1088,0,298
11/02/2025 02:30:00,0,1315,0,431
11/02/2025 03:00:00,0,1241,0,399
11/02/2025 03:30:00,0,1202,0,372
11/02/2025 04:00:00,0,1315,0,410
11/02/2025 04:30:00,0,1157,0,363
11/02/2025 05:00:00,0,926,0,261
11/02/2025 05:30:00,0,873,0,273
11/02/2025 06:00:00,0,850,0,247
11/02/2025 06:30:00,0,708,0,184
11/02/2025 07:00:00,0,876,0,263
11/02/2025 07:30:00,0,846,0,239
11/02/2025 08:00:00,0,657,0,138
11/02/2025 08:30:00,0,574,0,141
11/02/2025 09:00:00,0,590,0,217
11/02/2025 09:30:00,0,711,0,342
11/02/2025 10:00:00,0,902,0,393
11/02/2025 10:30:00,0,891,0,405
11/02/2025 11:00:00,0,768,0,382
11/02/2025 11:30:00,0,797,0,402
11/02/2025 12:00:00,0,862,0,414
11/02/2025 12:30:00,0,716,0,359
11/02/2025 13:00:00,0,767,0,342
11/02/2025 13:30:00,0,249,0,163
11/02/2025 14:00:00,0,405,0,194
11/02/2025 14:30:00,0,1058,0,398
11/02/2025 15:00:00,0,1318,0,482
11/02/2025 15:30:00,0,1174,0,439
11/02/2025 16:00:00,0,965,0,425
11/02/2025 16:30:00,0,1265,0,465
11/02/2025 17:00:00,0,1226,0,425
11/02/2025 17:30:00,0,983,0,302
11/02/2025 18:00:00,0,1140,0,338
11/02/2025 18:30:00,0,996,0,294
11/02/2025 19:00:00,0,981,0,272
11/02/2025 19:30:00,0,890,0,225
11/02/2025 20:00:00,0,739,0,176
11/02/2025 20:30:00,0,830,0,206
11/02/2025 21:00:00,0,815,0,175
11/02/2025 21:30:00,0,893,0,247
11/02/2025 22:00:00,0,998,0,286
11/02/2025 22:30:00,0,980,0,257
11/02/2025 23:00:00,0,1019,0,293
11/02/2025 23:30:00,0,877,0,220
11/03/2025 00:00:00,0,897,0,234
11/03/2025 00:30:00,0,662,0,130
11/03/2025 01:00:00,0,652,0,132
11/03/2025 01:30:00,0,901,0,250
11/03/2025 02:00:00,0,902,0,250
11/03/2025 02:30:00,0,1019,0,305
11/03/2025 03:00:00,0,957,0,278
11/03/2025 03:30:00,0,983,0,282
11/03/2025 04:00:00,0,1011,0,298
11/03/2025 04:30:00,0,909,0,263
11/03/2025 05:00:00,0,839,0,220
11/03/2025 05:30:00,0,1006,0,302
11/03/2025 06:00:00,0,846,0,216
11/03/2025 06:30:00,0,683,0,144
11/03/2025 07:00:00,0,808,0,199
11/03/2025 07:30:00,0,792,0,188
11/03/2025 08:00:00,0,660,0,162
11/03/2025 08:30:00,0,875,0,288
11/03/2025 09:00:00,0,1044,0,375
11/03/2025 09:30:00,0,1147,0,445
11/03/2025 10:00:00,0,939,0,412
11/03/2025 10:30:00,0,1121,0,450
11/03/2025 11:00:00,0,1096,0,412
11/03/2025 11:30:00,0,994,0,421
11/03/2025 12:00:00,0,848,0,385
11/03/2025 12:30:00,0,730,0,328
11/03/2025 13:00:00,0,570,0,295
11/03/2025 13:30:00,0,451,0,210
11/03/2025 14:00:00,0,550,0,302
11/03/2025 14:30:00,0,894,0,427
11/03/2025 15:00:00,0,1212,0,447
11/03/2025 15:30:00,0,1151,0,458
11/03/2025 16:00:00,0,1030,0,449
11/03/2025 16:30:00,0,1109,0,448
11/03/2025 17:00:00,0,1114,0,447
11/03/2025 17:30:00,0,832,0,270
11/03/2025 18:00:00,0,1222,0,401
11/03/2025 18:30:00,0,1406,0,444
11/03/2025 19:00:00,0,1380,0,431
11/03/2025 19:30:00,0,1273,0,373
11/03/2025 20:00:00,0,1050,0,275
11/03/2025 20:30:00,0,1097,0,320
11/03/2025 21:00:00,0,1239,0,377
11/03/2025 21:30:00,0,1401,0,445
11/03/2025 22:00:00,0,1400,0,444
11/03/2025 22:30:00,0,1357,0,387
11/03/2025 23:00:00,0,1257,0,369
11/03/2025 23:30:00,0,1260,0,387
11/04/2025 00:00:00,0,1272,0,404
11/04/2025 00:30:00,0,1026,0,261
11/04/2025 01:00:00,0,867,0,214
11/04/2025 01:30:00,0,967,0,273
11/04/2025 02:00:00,0,1141,0,307
11/04/2025 02:30:00,0,1284,0,401
11/04/2025 03:00:00,0,1229,0,345
11/04/2025 03:30:00,0,1245,0,369
11/04/2025 04:00:00,0,1315,0,393
11/04/2025 04:30:00,0,1304,0,388
11/04/2025 05:00:00,0,1236,0,396
11/04/2025 05:30:00,0,1235,0,387
11/04/2025 06:00:00,0,1269,0,373
11/04/2025 06:30:00,0,811,0,199
11/04/2025 07:00:00,0,1088,0,311
11/04/2025 07:30:00,0,1199,0,345
11/04/2025 08:00:00,0,924,0,247
11/04/2025 08:30:00,0,900,0,281
11/04/2025 09:00:00,0,1177,0,370
11/04/2025 09:30:00,0,1282,0,481
11/04/2025 10:00:00,0,1326,0,492
11/04/2025 10:30:00,0,1145,0,480
11/04/2025 11:00:00,0,1297,0,424
11/04/2025 11:30:00,0,1086,0,469
11/04/2025 12:00:00,0,910,0,468
11/04/2025 12:30:00,0,841,0,363
11/04/2025 13:00:00,0,744,0,374
11/04/2025 13:30:00,0,447,0,237
11/04/2025 14:00:00,0,643,0,273
11/04/2025 14:30:00,0,971,0,418
11/04/2025 15:00:00,0,1019,0,442
11/04/2025 15:30:00,0,1100,0,457
11/04/2025 16:00:00,0,1182,0,460
11/04/2025 16:30:00,0,1359,0,469
11/04/2025 17:00:00,0,1420,0,461
11/04/2025 17:30:00,0,1029,0,305
11/04/2025 18:00:00,0,1294,0,462
11/04/2025 18:30:00,0,1406,0,473
11/04/2025 19:00:00,0,1384,0,455
11/04/2025 19:30:00,0,1387,0,458
11/04/2025 20:00:00,0,1189,0,343
11/04/2025 20:30:00,0,1205,0,360
11/04/2025 21:00:00,0,1365,0,434
11/04/2025 21:30:00,0,1508,0,487
11/04/2025 22:00:00,0,1441,0,434
11/04/2025 22:30:00,0,1353,0,398
11/04/2025 23:00:00,0,1439,0,465
11/04/2025 23:30:00,0,1495,0,477
11/05/2025 00:00:00,0,1404,0,452
11/05/2025 00:30:00,0,1061,0,303
11/05/2025 01:00:00,0,879,0,211
11/05/2025 01:30:00,0,1110,0,321
11/05/2025 02:00:00,0,1303,0,421
11/05/2025 02:30:00,0,1422,0,444
11/05/2025 03:00:00,0,1281,0,375
11/05/2025 03:30:00,0,1385,0,433
11/05/2025 04:00:00,0,1496,0,470
11/05/2025 04:30:00,0,1387,0,436
11/05/2025 05:00:00,0,1413,0,483
11/05/2025 05:30:00,0,1374,0,406
11/05/2025 06:00:00,0,1208,0,354
11/05/2025 06:30:00,0,893,0,219
11/05/2025 07:00:00,0,1134,0,350
11/05/2025 07:30:00,0,1195,0,390
11/05/2025 08:00:00,0,1012,0,303
11/05/2025 08:30:00,0,1048,0,346
11/05/2025 09:00:00,0,1299,0,478
11/05/2025 09:30:00,0,1315,0,504
11/05/2025 10:00:00,0,1120,0,464
11/05/2025 10:30:00,0,1016,0,466
11/05/2025 11:00:00,0,1015,0,485
11/05/2025 11:30:00,0,1095,0,489
11/05/2025 12:00:00,0,1022,0,440
11/05/2025 12:30:00,0,1052,0,423
11/05/2025 13:00:00,0,795,0,406
11/05/2025 13:30:00,0,472,0,242
11/05/2025 14:00:00,0,684,0,267
11/05/2025 14:30:00,0,1138,0,449
11/05/2025 15:00:00,0,1035,0,469
11/05/2025 15:30:00,0,980,0,479
11/05/2025 16:00:00,0,1096,0,452
11/05/2025 16:30:00,0,1164,0,453
11/05/2025 17:00:00,0,1293,0,500
11/05/2025 17:30:00,0,840,0,280
11/05/2025 18:00:00,0,1283,0,461
11/05/2025 18:30:00,0,1368,0,449
11/05/2025 19:00:00,0,1499,0,451
11/05/2025 19:30:00,0,1506,0,453
11/05/2025 20:00:00,0,1143,0,311
11/05/2025 20:30:00,0,1183,0,345
11/05/2025 21:00:00,0,1365,0,405
11/05/2025 21:30:00,0,1463,0,428
11/05/2025 22:00:00,0,1453,0,424
11/05/2025 22:30:00,0,1378,0,413
11/05/2025 23:00:00,0,1515,0,491
11/05/2025 23:30:00,0,1466,0,460
11/06/2025 00:00:00,0,1365,0,390
11/06/2025 00:30:00,0,1022,0,245
11/06/2025 01:00:00,0,861,0,226
11/06/2025 01:30:00,0,1175,0,358
11/06/2025 02:00:00,0,1184,0,368
11/06/2025 02:30:00,0,1469,0,435
11/06/2025 03:00:00,0,1516,0,489
11/06/2025 03:30:00,0,1374,0,416
11/06/2025 04:00:00,0,1411,0,437
11/06/2025 04:30:00,0,1394,0,423
11/06/2025 05:00:00,0,1414,0,421
11/06/2025 05:30:00,0,1314,0,374
11/06/2025 06:00:00,0,1120,0,290
11/06/2025 06:30:00,0,804,0,187
11/06/2025 07:00:00,0,1169,0,341
11/06/2025 07:30:00,0,1248,0,356
11/06/2025 08:00:00,0,1031,0,263
11/06/2025 08:30:00,0,976,0,276
11/06/2025 09:00:00,0,1002,0,328
11/06/2025 09:30:00,0,967,0,363
11/06/2025 10:00:00,0,856,0,354
11/06/2025 10:30:00,0,848,0,385
11/06/2025 11:00:00,0,945,0,393
11/06/2025 11:30:00,0,1109,0,411
11/06/2025 12:00:00,0,1008,0,376
11/06/2025 12:30:00,0,867,0,391
11/06/2025 13:00:00,0,777,0,319
11/06/2025 13:30:00,0,557,0,208
11/06/2025 14:00:00,0,450,0,258
11/06/2025 14:30:00,0,981,0,416
11/06/2025 15:00:00,0,1274,0,474
11/06/2025 15:30:00,0,1181,0,484
11/06/2025 16:00:00,0,1009,0,451
11/06/2025 16:30:00,0,1176,0,458
11/06/2025 17:00:00,0,1157,0,434
11/06/2025 17:30:00,0,745,0,221
11/06/2025 18:00:00,0,1304,0,449
11/06/2025 18:30:00,0,1483,0,455
11/06/2025 19:00:00,0,1485,0,437
11/06/2025 19:30:00,0,1381,0,391
11/06/2025 20:00:00,0,1075,0,294
11/06/2025 20:30:00,0,1097,0,309
11/06/2025 21:00:00,0,1262,0,378
11/06/2025 21:30:00,0,1247,0,392
11/06/2025 22:00:00,0,1246,0,383
11/06/2025 22:30:00,0,1199,0,373
11/06/2025 23:00:00,0,1244,0,371
11/06/2025 23:30:00,0,1136,0,311
11/07/2025 00:00:00,0,1246,0,377
11/07/2025 00:30:00,0,980,0,233
11/07/2025 01:00:00,0,837,0,188
11/07/2025 01:30:00,0,1014,0,275
11/07/2025 02:00:00,0,1235,0,368
11/07/2025 02:30:00,0,1297,0,404
11/07/2025 03:00:00,0,1366,0,402
11/07/2025 03:30:00,0,1286,0,362
11/07/2025 04:00:00,0,1259,0,395
11/07/2025 04:30:00,0,1361,0,408
11/07/2025 05:00:00,0,1336,0,387
11/07/2025 05:30:00,0,1351,0,401
11/07/2025 06:00:00,0,1257,0,386
11/07/2025 06:30:00,0,761,0,179
11/07/2025 07:00:00,0,1074,0,302
11/07/2025 07:30:00,0,1299,0,381
11/07/2025 08:00:00,0,923,0,256
11/07/2025 08:30:00,0,928,0,285
11/07/2025 09:00:00,0,1105,0,403
11/07/2025 09:30:00,0,1138,0,400
11/07/2025 10:00:00,0,1110,0,462
11/07/2025 10:30:00,0,1023,0,431
11/07/2025 11:00:00,0,1038,0,457
11/07/2025 11:30:00,0,956,0,425
11/07/2025 12:00:00,0,924,0,464
11/07/2025 12:30:00,0,937,0,415
11/07/2025 13:00:00,0,619,0,290
11/07/2025 13:30:00,0,512,0,247
11/07/2025 14:00:00,0,574,0,288
11/07/2025 14:30:00,0,908,0,367
11/07/2025 15:00:00,0,1053,0,428
11/07/2025 15:30:00,0,1038,0,435
11/07/2025 16:00:00,0,1119,0,447
11/07/2025 16:30:00,0,1216,0,464
11/07/2025 17:00:00,0,1230,0,414
11/07/2025 17:30:00,0,841,0,237
11/07/2025 18:00:00,0,1291,0,422
11/07/2025 18:30:00,0,1319,0,417
11/07/2025 19:00:00,0,1430,0,458
11/07/2025 19:30:00,0,1354,0,385
11/07/2025 20:00:00,0,1082,0,278
11/07/2025 20:30:00,0,1080,0,279
11/07/2025 21:00:00,0,1364,0,406
11/07/2025 21:30:00,0,1365,0,450
11/07/2025 22:00:00,0,1336,0,399
11/07/2025 22:30:00,0,1442,0,424
11/07/2025 23:00:00,0,1442,0,452
11/07/2025 23:30:00,0,1434,0,448
11/08/2025 00:00:00,0,1364,0,407
11/08/2025 00:30:00,0,1060,0,282
11/08/2025 01:00:00,0,908,0,211
11/08/2025 01:30:00,0,994,0,262
11/08/2025 02:00:00,0,1163,0,353
11/08/2025 02:30:00,0,1281,0,378
11/08/2025 03:00:00,0,1364,0,429
11/08/2025 03:30:00,0,1340,0,405
11/08/2025 04:00:00,0,1287,0,426
11/08/2025 04:30:00,0,1377,0,413
11/08/2025 05:00:00,0,1347,0,381
11/08/2025 05:30:00,0,1347,0,391
11/08/2025 06:00:00,0,1230,0,360
11/08/2025 06:30:00,0,838,0,175
11/08/2025 07:00:00,0,1164,0,324
11/08/2025 07:30:00,0,1143,0,363
11/08/2025 08:00:00,0,910,0,250
11/08/2025 08:30:00,0,926,0,302
11/08/2025 09:00:00,0,1115,0,451
11/08/2025 09:30:00,0,1041,0,429
11/08/2025 10:00:00,0,1002,0,433
11/08/2025 10:30:00,0,1005,0,461
11/08/2025 11:00:00,0,906,0,426
11/08/2025 11:30:00,0,892,0,407
11/08/2025 12:00:00,0,1061,0,417
11/08/2025 12:30:00,0,717,0,367
11/08/2025 13:00:00,0,788,0,365
11/08/2025 13:30:00,0,327,0,170
11/08/2025 14:00:00,4,114,0,132
11/08/2025 14:30:00,0,504,0,294
11/08/2025 15:00:00,0,727,0,286
11/08/2025 15:30:00,0,654,0,275
11/08/2025 16:00:00,0,673,0,292
11/08/2025 16:30:00,0,785,0,284
11/08/2025 17:00:00,0,751,0,277
11/08/2025 17:30:00,0,467,0,143
11/08/2025 18:00:00,0,785,0,241
11/08/2025 18:30:00,0,830,0,231
11/08/2025 19:00:00,0,920,0,265
11/08/2025 19:30:00,0,902,0,213
11/08/2025 20:00:00,0,690,0,138
11/08/2025 20:30:00,0,950,0,256
11/08/2025 21:00:00,0,1233,0,378
11/08/2025 21:30:00,0,1245,0,397
11/08/2025 22:00:00,0,1291,0,400
11/08/2025 22:30:00,0,1261,0,372
11/08/2025 23:00:00,0,1330,0,377
11/08/2025 23:30:00,0,1217,0,379
11/09/2025 00:00:00,0,1247,0,365
11/09/2025 00:30:00,0,925,0,209
11/09/2025 01:00:00,0,802,0,169
11/09/2025 01:30:00,0,865,0,211
11/09/2025 02:00:00,0,1083,0,301
11/09/2025 02:30:00,0,1000,0,260
11/09/2025 03:00:00,0,1008,0,258
11/09/2025 03:30:00,0,970,0,255
11/09/2025 04:00:00,0,990,0,257
11/09/2025 04:30:00,0,958,0,267
11/09/2025 05:00:00,0,969,0,276
11/09/2025 05:30:00,0,923,0,237
11/09/2025 06:00:00,0,838,0,195
11/09/2025 06:30:00,0,673,0,110
11/09/2025 07:00:00,0,827,0,213
11/09/2025 07:30:00,0,816,0,207
11/09/2025 08:00:00,0,667,0,135
11/09/2025 08:30:00,0,632,0,160
11/09/2025 09:00:00,0,667,0,204
11/09/2025 09:30:00,0,717,0,242
11/09/2025 10:00:00,0,663,0,220
11/09/2025 10:30:00,0,448,0,202
11/09/2025 11:00:00,0,542,0,257
11/09/2025 11:30:00,0,554,0,254
11/09/2025 12:00:00,0,488,0,262
11/09/2025 12:30:00,0,395,0,227
11/09/2025 13:00:00,0,501,0,246
11/09/2025 13:30:00,18,104,0,120
11/09/2025 14:00:00,1,98,0,95
11/09/2025 14:30:00,0,604,0,242
11/09/2025 15:00:00,0,444,0,257
11/09/2025 15:30:00,0,448,0,220
11/09/2025 16:00:00,0,619,0,239
11/09/2025 16:30:00,0,694,0,270
11/09/2025 17:00:00,0,731,0,240
11/09/2025 17:30:00,0,597,0,140
11/09/2025 18:00:00,0,883,0,260
11/09/2025 18:30:00,0,911,0,221
11/09/2025 19:00:00,0,894,0,215
11/09/2025 19:30:00,0,857,0,207
11/09/2025 20:00:00,0,659,0,143
11/09/2025 20:30:00,0,652,0,163
11/09/2025 21:00:00,0,881,0,213
11/09/2025 21:30:00,0,922,0,239
11/09/2025 22:00:00,0,979,0,239
11/09/2025 22:30:00,0,892,0,191
11/09/2025 23:00:00,0,872,0,214
11/09/2025 23:30:00,0,980,0,243
11/10/2025 00:00:00,0,800,0,186
11/10/2025 00:30:00,0,588,0,125
11/10/2025 01:00:00,0,571,0,130
11/10/2025 01:30:00,0,813,0,251
11/10/2025 02:00:00,0,944,0,266
11/10/2025 02:30:00,0,859,0,224
11/10/2025 03:00:00,0,779,0,186
11/10/2025 03:30:00,0,873,0,258
11/10/2025 04:00:00,0,880,0,229
11/10/2025 04:30:00,0,821,0,205
11/10/2025 05:00:00,0,853,0,227
11/10/2025 05:30:00,0,766,0,177
11/10/2025 06:00:00,0,851,0,213
11/10/2025 06:30:00,0,590,0,114
11/10/2025 07:00:00,0,794,0,213
11/10/2025 07:30:00,0,727,0,170
11/10/2025 08:00:00,0,666,0,181
11/10/2025 08:30:00,0,988,0,324
11/10/2025 09:00:00,0,1261,0,429
11/10/2025 09:30:00,0,1189,0,399
11/10/2025 10:00:00,0,1312,0,467
11/10/2025 10:30:00,0,1263,0,469
11/10/2025 11:00:00,0,1116,0,419
11/10/2025 11:30:00,0,1220,0,447
11/10/2025 12:00:00,0,1212,0,446
11/10/2025 12:30:00,0,1116,0,432
11/10/2025 13:00:00,0,954,0,352
11/10/2025 13:30:00,0,498,0,217
11/10/2025 14:00:00,0,527,0,260
11/10/2025 14:30:00,0,949,0,458
11/10/2025 15:00:00,0,916,0,442
11/10/2025 15:30:00,0,1112,0,495
11/10/2025 16:00:00,0,1380,0,487
11/10/2025 16:30:00,0,1439,0,479
11/10/2025 17:00:00,0,1399,0,455
11/10/2025 17:30:00,0,932,0,251
11/10/2025 18:00:00,0,1410,0,464
11/10/2025 18:30:00,0,1502,0,516
11/10/2025 19:00:00,0,1445,0,464
11/10/2025 19:30:00,0,1370,0,411
11/10/2025 20:00:00,0,1129,0,321
11/10/2025 20:30:00,0,1062,0,278
11/10/2025 21:00:00,0,1243,0,367
11/10/2025 21:30:00,0,1279,0,409
11/10/2025 22:00:00,0,1327,0,407
11/10/2025 22:30:00,0,1354,0,421
11/10/2025 23:00:00,0,1307,0,401
11/10/2025 23:30:00,0,1301,0,409
11/11/2025 00:00:00,0,1224,0,384
11/11/2025 00:30:00,0,971,0,234
11/11/2025 01:00:00,0,844,0,206
11/11/2025 01:30:00,0,1058,0,296
11/11/2025 02:00:00,0,1193,0,358
11/11/2025 02:30:00,0,1359,0,405
11/11/2025 03:00:00,0,1335,0,392
11/11/2025 03:30:00,0,1311,0,395
11/11/2025 04:00:00,0,1300,0,387
11/11/2025 04:30:00,0,1240,0,360
11/11/2025 05:00:00,0,1257,0,363
11/11/2025 05:30:00,0,1166,0,330
11/11/2025 06:00:00,0,1203,0,360
11/11/2025 06:30:00,0,785,0,175
11/11/2025 07:00:00,0,1047,0,313
11/11/2025 07:30:00,0,1005,0,278
11/11/2025 08:00:00,0,811,0,259
11/11/2025 08:30:00,0,894,0,294
11/11/2025 09:00:00,0,1209,0,406
11/11/2025 09:30:00,0,1229,0,394
11/11/2025 10:00:00,0,1145,0,435
11/11/2025 10:30:00,0,1208,0,481
11/11/2025 11:00:00,0,1208,0,459
11/11/2025 11:30:00,0,1036,0,466
11/11/2025 12:00:00,0,926,0,413
11/11/2025 12:30:00,0,812,0,385
11/11/2025 13:00:00,0,893,0,341
11/11/2025 13:30:00,0,368,0,199
11/11/2025 14:00:00,0,489,0,234
11/11/2025 14:30:00,0,1219,0,455
11/11/2025 15:00:00,0,1270,0,476
11/11/2025 15:30:00,0,1314,0,442
11/11/2025 16:00:00,0,1322,0,470
11/11/2025 16:30:00,0,1358,0,499
11/11/2025 17:00:00,0,1311,0,455
11/11/2025 17:30:00,0,955,0,281
11/11/2025 18:00:00,0,1287,0,432
11/11/2025 18:30:00,0,1506,0,503
11/11/2025 19:00:00,0,1484,0,521
11/11/2025 19:30:00,0,1606,0,523
11/11/2025 20:00:00,0,1219,0,354
11/11/2025 20:30:00,0,1137,0,301
11/11/2025 21:00:00,0,1339,0,387
11/11/2025 21:30:00,0,1415,0,449
11/11/2025 22:00:00,0,1358,0,407
11/11/2025 22:30:00,0,1371,0,422
11/11/2025 23:00:00,0,1282,0,348
11/11/2025 23:30:00,0,1290,0,379
11/12/2025 00:00:00,0,1171,0,324
11/12/2025 00:30:00,0,981,0,249
11/12/2025 01:00:00,0,882,0,205
11/12/2025 01:30:00,0,1060,0,275
11/12/2025 02:00:00,0,1232,0,363
11/12/2025 02:30:00,0,1362,0,395
11/12/2025 03:00:00,0,1410,0,406
11/12/2025 03:30:00,0,1375,0,393
11/12/2025 04:00:00,0,1397,0,415
11/12/2025 04:30:00,0,1394,0,412
11/12/2025 05:00:00,0,1254,0,341
11/12/2025 05:30:00,0,1167,0,328
11/12/2025 06:00:00,0,1144,0,281
11/12/2025 06:30:00,0,816,0,198
11/12/2025 07:00:00,0,1151,0,361
11/12/2025 07:30:00,0,1226,0,355
11/12/2025 08:00:00,0,929,0,266
11/12/2025 08:30:00,0,900,0,294
11/12/2025 09:00:00,0,1219,0,411
11/12/2025 09:30:00,0,1193,0,433
11/12/2025 10:00:00,0,1229,0,446
11/12/2025 10:30:00,0,1148,0,440
11/12/2025 11:00:00,0,971,0,420
11/12/2025 11:30:00,0,894,0,389
11/12/2025 12:00:00,0,1041,0,417
11/12/2025 12:30:00,0,810,0,380
11/12/2025 13:00:00,0,762,0,342
11/12/2025 13:30:00,0,520,0,186
11/12/2025 14:00:00,0,607,0,239
11/12/2025 14:30:00,0,1070,0,450
11/12/2025 15:00:00,0,1390,0,513
11/12/2025 15:30:00,0,1381,0,461
11/12/2025 16:00:00,0,1235,0,424
11/12/2025 16:30:00,0,1358,0,458
11/12/2025 17:00:00,0,1389,0,470
11/12/2025 17:30:00,0,901,0,278
11/12/2025 18:00:00,0,1385,0,468
11/12/2025 18:30:00,0,1442,0,435
11/12/2025 19:00:00,0,1463,0,461
11/12/2025 19:30:00,0,1390,0,425
11/12/2025 20:00:00,0,1124,0,313
11/12/2025 20:30:00,0,1068,0,292
11/12/2025 21:00:00,0,1263,0,363
11/12/2025 21:30:00,0,1420,0,432
11/12/2025 22:00:00,0,1357,0,411
11/12/2025 22:30:00,0,1324,0,388
11/12/2025 23:00:00,0,1336,0,398
11/12/2025 23:30:00,0,1335,0,420
11/13/2025 00:00:00,0,1314,0,375
11/13/2025 00:30:00,0,955,0,244
11/13/2025 01:00:00,0,814,0,172
11/13/2025 01:30:00,0,990,0,265
11/13/2025 02:00:00,0,1174,0,354
11/13/2025 02:30:00,0,1372,0,425
11/13/2025 03:00:00,0,1308,0,392
11/13/2025 03:30:00,0,1338,0,423
11/13/2025 04:00:00,0,1242,0,375
11/13/2025 04:30:00,0,1252,0,395
11/13/2025 05:00:00,0,1292,0,376
11/13/2025 05:30:00,0,1302,0,381
11/13/2025 06:00:00,0,1193,0,341
11/13/2025 06:30:00,0,896,0,239
11/13/2025 07:00:00,0,1089,0,310
11/13/2025 07:30:00,0,1170,0,349
11/13/2025 08:00:00,0,982,0,302
11/13/2025 08:30:00,0,1019,0,335
11/13/2025 09:00:00,0,1107,0,405
11/13/2025 09:30:00,0,947,0,403
11/13/2025 10:00:00,0,931,0,397
11/13/2025 10:30:00,0,880,0,414
11/13/2025 11:00:00,0,872,0,427
11/13/2025 11:30:00,0,1045,0,443
11/13/2025 12:00:00,0,1013,0,411
11/13/2025 12:30:00,0,912,0,379
11/13/2025 13:00:00,0,724,0,336
11/13/2025 13:30:00,0,556,0,232
11/13/2025 14:00:00,0,413,0,259
11/13/2025 14:30:00,0,811,0,373
11/13/2025 15:00:00,0,813,0,399
11/13/2025 15:30:00,0,1463,0,489
11/13/2025 16:00:00,0,1499,0,495
11/13/2025 16:30:00,0,1417,0,468
11/13/2025 17:00:00,0,1372,0,445
11/13/2025 17:30:00,0,1003,0,278
11/13/2025 18:00:00,0,1326,0,422
11/13/2025 18:30:00,0,1401,0,434
11/13/2025 19:00:00,0,1283,0,404
11/13/2025 19:30:00,0,1343,0,434
11/13/2025 20:00:00,0,1089,0,282
11/13/2025 20:30:00,0,996,0,271
11/13/2025 21:00:00,0,1266,0,428
11/13/2025 21:30:00,0,1243,0,365
11/13/2025 22:00:00,0,1301,0,424
11/13/2025 22:30:00,0,1381,0,438
11/13/2025 23:00:00,0,1365,0,415
11/13/2025 23:30:00,0,1303,0,396
11/14/2025 00:00:00,0,1263,0,367
11/14/2025 00:30:00,0,928,0,234
11/14/2025 01:00:00,0,775,0,165
11/14/2025 01:30:00,0,955,0,277
11/14/2025 02:00:00,0,1123,0,344
11/14/2025 02:30:00,0,1345,0,406
11/14/2025 03:00:00,0,1319,0,404
11/14/2025 03:30:00,0,1201,0,380
11/14/2025 04:00:00,0,1156,0,338
11/14/2025 04:30:00,0,1128,0,319
11/14/2025 05:00:00,0,1136,0,342
11/14/2025 05:30:00,0,1118,0,318
11/14/2025 06:00:00,0,1142,0,363
11/14/2025 06:30:00,0,856,0,174
11/14/2025 07:00:00,0,1162,0,363
11/14/2025 07:30:00,0,1132,0,310
11/14/2025 08:00:00,0,913,0,235
11/14/2025 08:30:00,0,854,0,266
11/14/2025 09:00:00,0,1019,0,364
11/14/2025 09:30:00,0,1015,0,373
11/14/2025 10:00:00,0,1003,0,385
11/14/2025 10:30:00,0,977,0,397
11/14/2025 11:00:00,0,921,0,452
11/14/2025 11:30:00,0,1075,0,419
11/14/2025 12:00:00,0,1022,0,434
11/14/2025 12:30:00,0,807,0,403
11/14/2025 13:00:00,0,794,0,332
11/14/2025 13:30:00,0,498,0,232
11/14/2025 14:00:00,0,664,0,258
11/14/2025 14:30:00,0,892,0,396
11/14/2025 15:00:00,0,1029,0,452
11/14/2025 15:30:00,0,1042,0,383
11/14/2025 16:00:00,0,1141,0,460
11/14/2025 16:30:00,0,1211,0,465
11/14/2025 17:00:00,0,1279,0,439
11/14/2025 17:30:00,0,925,0,256
11/14/2025 18:00:00,0,1311,0,398
11/14/2025 18:30:00,0,1464,0,476
11/14/2025 19:00:00,0,1366,0,431
11/14/2025 19:30:00,0,1231,0,378
11/14/2025 20:00:00,0,1030,0,288
11/14/2025 20:30:00,0,1030,0,323
11/14/2025 21:00:00,0,1289,0,388
11/14/2025 21:30:00,0,1284,0,396
11/14/2025 22:00:00,0,1217,0,369
11/14/2025 22:30:00,0,1319,0,413
11/14/2025 23:00:00,0,1360,0,403
11/14/2025 23:30:00,0,1356,0,400
11/15/2025 00:00:00,0,1309,0,431
11/15/2025 00:30:00,0,1037,0,326
11/15/2025 01:00:00,0,853,0,239
11/15/2025 01:30:00,0,1000,0,285
11/15/2025 02:00:00,0,1184,0,367
11/15/2025 02:30:00,0,1283,0,380
11/15/2025 03:00:00,0,1164,0,360
11/15/2025 03:30:00,0,1278,0,408
11/15/2025 04:00:00,0,1232,0,373
11/15/2025 04:30:00,0,1187,0,355
11/15/2025 05:00:00,0,1258,0,391
11/15/2025 05:30:00,0,1228,0,367
11/15/2025 06:00:00,0,1119,0,301
11/15/2025 06:30:00,0,739,0,212
11/15/2025 07:00:00,0,1048,0,321
11/15/2025 07:30:00,0,1148,0,347
11/15/2025 08:00:00,0,937,0,298
11/15/2025 08:30:00,0,1005,0,337
11/15/2025 09:00:00,0,1292,0,496
11/15/2025 09:30:00,0,1133,0,433
11/15/2025 10:00:00,0,1162,0,471
11/15/2025 10:30:00,0,1171,0,460
11/15/2025 11:00:00,0,1030,0,458
11/15/2025 11:30:00,0,965,0,475
11/15/2025 12:00:00,0,922,0,464
11/15/2025 12:30:00,0,951,0,426
11/15/2025 13:00:00,0,936,0,416
11/15/2025 13:30:00,0,484,0,213
11/15/2025 14:00:00,0,410,0,182
11/15/2025 14:30:00,0,909,0,410
11/15/2025 15:00:00,0,956,0,407
11/15/2025 15:30:00,0,902,0,433
11/15/2025 16:00:00,0,936,0,462
11/15/2025 16:30:00,0,1263,0,421
11/15/2025 17:00:00,0,1012,0,291
11/15/2025 17:30:00,0,776,0,240
11/15/2025 18:00:00,0,983,0,312
11/15/2025 18:30:00,0,955,0,286
11/15/2025 19:00:00,0,889,0,254
11/15/2025 19:30:00,0,841,0,232
11/15/2025 20:00:00,0,746,0,206
11/15/2025 20:30:00,0,963,0,304
11/15/2025 21:00:00,0,1140,0,373
11/15/2025 21:30:00,0,1021,0,319
11/15/2025 22:00:00,0,1231,0,380
11/15/2025 22:30:00,0,1330,0,406
11/15/2025 23:00:00,0,1297,0,418
11/15/2025 23:30:00,0,1214,0,357
11/16/2025 00:00:00,0,1324,0,411
11/16/2025 00:30:00,0,994,0,319
11/16/2025 01:00:00,0,873,0,253
11/16/2025 01:30:00,0,980,0,282
11/16/2025 02:00:00,0,1008,0,276
11/16/2025 02:30:00,0,1183,0,368
11/16/2025 03:00:00,0,1187,0,344
11/16/2025 03:30:00,0,1165,0,352
11/16/2025 04:00:00,0,1133,0,338
11/16/2025 04:30:00,0,1103,0,330
11/16/2025 05:00:00,0,908,0,247
11/16/2025 05:30:00,0,887,0,228
11/16/2025 06:00:00,0,901,0,247
11/16/2025 06:30:00,0,631,0,142
11/16/2025 07:00:00,0,840,0,229
11/16/2025 07:30:00,0,731,0,195
11/16/2025 08:00:00,0,669,0,169
11/16/2025 08:30:00,0,583,0,173
11/16/2025 09:00:00,0,806,0,266
11/16/2025 09:30:00,0,1095,0,423
11/16/2025 10:00:00,0,1088,0,425
11/16/2025 10:30:00,0,1086,0,439
11/16/2025 11:00:00,0,1004,0,413
11/16/2025 11:30:00,0,907,0,397
11/16/2025 12:00:00,0,814,0,445
11/16/2025 12:30:00,0,858,0,456
11/16/2025 13:00:00,0,766,0,354
11/16/2025 13:30:00,0,298,0,165
11/16/2025 14:00:00,0,357,0,175
11/16/2025 14:30:00,0,953,0,408
11/16/2025 15:00:00,0,1114,0,428
11/16/2025 15:30:00,0,1161,0,454
11/16/2025 16:00:00,0,1455,0,518
11/16/2025 16:30:00,0,1404,0,462
11/16/2025 17:00:00,0,1288,0,444
11/16/2025 17:30:00,0,1012,0,292
11/16/2025 18:00:00,0,1160,0,364
11/16/2025 18:30:00,0,948,0,288
11/16/2025 19:00:00,0,966,0,279
11/16/2025 19:30:00,0,825,0,217
11/16/2025 20:00:00,0,640,0,165
11/16/2025 20:30:00,0,673,0,188
11/16/2025 21:00:00,0,875,0,282
11/16/2025 21:30:00,0,959,0,263
11/16/2025 22:00:00,0,858,0,225
11/16/2025 22:30:00,0,948,0,270
11/16/2025 23:00:00,0,926,0,261
11/16/2025 23:30:00,0,926,0,281
11/17/2025 00:00:00,0,969,0,273
11/17/2025 00:30:00,0,617,0,157
11/17/2025 01:00:00,0,579,0,136
11/17/2025 01:30:00,0,801,0,233
11/17/2025 02:00:00,0,1014,0,283
11/17/2025 02:30:00,0,937,0,274
11/17/2025 03:00:00,0,947,0,259
11/17/2025 03:30:00,0,955,0,254
11/17/2025 04:00:00,0,950,0,286
11/17/2025 04:30:00,0,952,0,300
11/17/2025 05:00:00,0,885,0,263
11/17/2025 05:30:00,0,900,0,269
11/17/2025 06:00:00,0,868,0,252
11/17/2025 06:30:00,0,704,0,171
11/17/2025 07:00:00,0,819,0,224
11/17/2025 07:30:00,0,843,0,236
11/17/2025 08:00:00,0,703,0,213
11/17/2025 08:30:00,0,856,0,323
11/17/2025 09:00:00,0,1055,0,408
11/17/2025 09:30:00,0,1084,0,455
11/17/2025 10:00:00,0,976,0,407
11/17/2025 10:30:00,0,897,0,427
11/17/2025 11:00:00,0,765,0,394
11/17/2025 11:30:00,0,898,0,424
11/17/2025 12:00:00,0,1048,0,465
11/17/2025 12:30:00,0,781,0,407
11/17/2025 13:00:00,0,585,0,332
11/17/2025 13:30:00,0,461,0,276
11/17/2025 14:00:00,0,527,0,295
11/17/2025 14:30:00,0,915,0,453
11/17/2025 15:00:00,0,989,0,405
11/17/2025 15:30:00,0,1136,0,449
11/17/2025 16:00:00,0,1461,0,514
11/17/2025 16:30:00,0,1448,0,472
11/17/2025 17:00:00,0,1421,0,503
11/17/2025 17:30:00,0,1002,0,329
11/17/2025 18:00:00,0,1340,0,452
11/17/2025 18:30:00,0,1395,0,471
11/17/2025 19:00:00,0,1428,0,500
11/17/2025 19:30:00,0,1334,0,480
11/17/2025 20:00:00,0,1075,0,341
11/17/2025 20:30:00,0,1047,0,353
11/17/2025 21:00:00,0,1203,0,397
11/17/2025 21:30:00,0,1360,0,463
11/17/2025 22:00:00,0,1398,0,476
11/17/2025 22:30:00,0,1324,0,441
11/17/2025 23:00:00,0,1296,0,428
11/17/2025 23:30:00,0,1352,0,457
11/18/2025 00:00:00,0,1347,0,450
11/18/2025 00:30:00,0,979,0,278
11/18/2025 01:00:00,0,802,0,217
11/18/2025 01:30:00,0,996,0,319
11/18/2025 02:00:00,0,1234,0,396
11/18/2025 02:30:00,0,1357,0,429
11/18/2025 03:00:00,0,1342,0,427
11/18/2025 03:30:00,0,1272,0,423
11/18/2025 04:00:00,0,1247,0,415
11/18/2025 04:30:00,0,1355,0,462
11/18/2025 05:00:00,0,1277,0,408
11/18/2025 05:30:00,0,1201,0,396
11/18/2025 06:00:00,0,1125,0,336
11/18/2025 06:30:00,0,777,0,189
11/18/2025 07:00:00,0,1119,0,351
11/18/2025 07:30:00,0,1255,0,395
11/18/2025 08:00:00,0,873,0,289
11/18/2025 08:30:00,0,1012,0,340
11/18/2025 09:00:00,0,1381,0,507
11/18/2025 09:30:00,0,1337,0,496
11/18/2025 10:00:00,0,1401,0,507
11/18/2025 10:30:00,0,1374,0,509
11/18/2025 11:00:00,0,1348,0,498
11/18/2025 11:30:00,0,1089,0,452
11/18/2025 12:00:00,0,949,0,437
11/18/2025 12:30:00,0,845,0,416
11/18/2025 13:00:00,0,759,0,357
11/18/2025 13:30:00,0,411,0,242
11/18/2025 14:00:00,0,526,0,283
11/18/2025 14:30:00,0,1090,0,479
11/18/2025 15:00:00,0,1199,0,523
11/18/2025 15:30:00,0,1198,0,491
11/18/2025 16:00:00,0,1062,0,462
11/18/2025 16:30:00,0,1086,0,458
11/18/2025 17:00:00,0,1208,0,471
11/18/2025 17:30:00,0,853,0,318
11/18/2025 18:00:00,0,1341,0,469
11/18/2025 18:30:00,0,1389,0,495
11/18/2025 19:00:00,0,1430,0,498
11/18/2025 19:30:00,0,1403,0,472
11/18/2025 20:00:00,0,1195,0,372
11/18/2025 20:30:00,0,1058,0,342
11/18/2025 21:00:00,0,1228,0,415
11/18/2025 21:30:00,0,1265,0,422
11/18/2025 22:00:00,0,1311,0,429
11/18/2025 22:30:00,0,1420,0,474
11/18/2025 23:00:00,0,1453,0,491
11/18/2025 23:30:00,0,1307,0,420
11/19/2025 00:00:00,0,1260,0,411
11/19/2025 00:30:00,0,1062,0,308
11/19/2025 01:00:00,0,893,0,241
11/19/2025 01:30:00,0,988,0,292
11/19/2025 02:00:00,0,1114,0,352
11/19/2025 02:30:00,0,1329,0,439
11/19/2025 03:00:00,0,1392,0,461
11/19/2025 03:30:00,0,1299,0,427
11/19/2025 04:00:00,0,1227,0,407
11/19/2025 04:30:00,0,1271,0,416
11/19/2025 05:00:00,0,1256,0,408
11/19/2025 05:30:00,0,1292,0,413
11/19/2025 06:00:00,0,1117,0,327
11/19/2025 06:30:00,0,817,0,224
11/19/2025 07:00:00,0,1085,0,350
11/19/2025 07:30:00,0,1205,0,391
11/19/2025 08:00:00,0,940,0,293
11/19/2025 08:30:00,0,986,0,353
11/19/2025 09:00:00,0,1216,0,439
11/19/2025 09:30:00,0,1231,0,452
11/19/2025 10:00:00,0,1183,0,451
11/19/2025 10:30:00,0,1099,0,447
11/19/2025 11:00:00,0,1062,0,486
11/19/2025 11:30:00,0,989,0,485
11/19/2025 12:00:00,0,1037,0,456
11/19/2025 12:30:00,0,1047,0,464
11/19/2025 13:00:00,0,717,0,382
11/19/2025 13:30:00,0,440,0,264
11/19/2025 14:00:00,0,506,0,318
11/19/2025 14:30:00,0,1037,0,443
11/19/2025 15:00:00,0,909,0,501
11/19/2025 15:30:00,0,1242,0,483
11/19/2025 16:00:00,0,1322,0,464
11/19/2025 16:30:00,0,1277,0,467
11/19/2025 17:00:00,0,1315,0,481
11/19/2025 17:30:00,0,935,0,335
11/19/2025 18:00:00,0,1425,0,495
11/19/2025 18:30:00,0,1484,0,512
11/19/2025 19:00:00,0,1629,0,554
11/19/2025 19:30:00,0,1468,0,470
11/19/2025 20:00:00,0,1175,0,365
11/19/2025 20:30:00,0,1159,0,357
11/19/2025 21:00:00,0,1330,0,438
11/19/2025 21:30:00,0,1458,0,456
11/19/2025 22:00:00,0,1341,0,422
11/19/2025 22:30:00,0,1334,0,430
11/19/2025 23:00:00,0,1399,0,461
11/19/2025 23:30:00,0,1334,0,435
11/20/2025 00:00:00,0,1264,0,387
11/20/2025 00:30:00,0,1037,0,320
11/20/2025 01:00:00,0,902,0,237
11/20/2025 01:30:00,0,1094,0,352
11/20/2025 02:00:00,0,1111,0,351
11/20/2025 02:30:00,0,1401,0,456
11/20/2025 03:00:00,0,1482,0,471
11/20/2025 03:30:00,0,1420,0,466
11/20/2025 04:00:00,0,1348,0,456
11/20/2025 04:30:00,0,1352,0,440
11/20/2025 05:00:00,0,1350,0,466
11/20/2025 05:30:00,0,1387,0,456
11/20/2025 06:00:00,0,1282,0,409
11/20/2025 06:30:00,0,836,0,209
11/20/2025 07:00:00,0,1274,0,397
11/20/2025 07:30:00,0,1294,0,412
11/20/2025 08:00:00,0,1021,0,344
11/20/2025 08:30:00,0,1030,0,359
11/20/2025 09:00:00,0,1375,0,517
11/20/2025 09:30:00,0,1342,0,497
11/20/2025 10:00:00,0,1305,0,499
11/20/2025 10:30:00,0,1280,0,480
11/20/2025 11:00:00,0,1229,0,524
11/20/2025 11:30:00,0,1182,0,506
11/20/2025 12:00:00,0,1347,0,533
11/20/2025 12:30:00,0,1250,0,495
11/20/2025 13:00:00,0,1015,0,416
11/20/2025 13:30:00,0,771,0,298
11/20/2025 14:00:00,0,785,0,340
11/20/2025 14:30:00,0,1222,0,503
11/20/2025 15:00:00,0,1200,0,519
11/20/2025 15:30:00,0,1241,0,468
11/20/2025 16:00:00,0,1106,0,484
11/20/2025 16:30:00,0,1253,0,475
11/20/2025 17:00:00,0,1347,0,480
11/20/2025 17:30:00,0,1063,0,362
11/20/2025 18:00:00,0,1469,0,516
11/20/2025 18:30:00,0,1489,0,528
11/20/2025 19:00:00,0,1631,0,567
11/20/2025 19:30:00,0,1589,0,541
11/20/2025 20:00:00,0,1189,0,382
11/20/2025 20:30:00,0,1079,0,343
11/20/2025 21:00:00,0,1343,0,442
11/20/2025 21:30:00,0,1466,0,494
11/20/2025 22:00:00,0,1410,0,472
11/20/2025 22:30:00,0,1422,0,496
11/20/2025 23:00:00,0,1494,0,494
11/20/2025 23:30:00,0,1460,0,472
11/21/2025 00:00:00,0,1304,0,421
11/21/2025 00:30:00,0,1025,0,282
11/21/2025 01:00:00,0,855,0,234
11/21/2025 01:30:00,0,1018,0,318
11/21/2025 02:00:00,0,1226,0,383
11/21/2025 02:30:00,0,1444,0,455
11/21/2025 03:00:00,0,1355,0,451
11/21/2025 03:30:00,0,1363,0,439
11/21/2025 04:00:00,0,1411,0,463
11/21/2025 04:30:00,0,1205,0,401
11/21/2025 05:00:00,0,1310,0,450
11/21/2025 05:30:00,0,1334,0,437
11/21/2025 06:00:00,0,1185,0,384
11/21/2025 06:30:00,0,852,0,242
11/21/2025 07:00:00,0,1157,0,371
11/21/2025 07:30:00,0,1211,0,405
11/21/2025 08:00:00,0,871,0,248
11/21/2025 08:30:00,0,1008,0,346
11/21/2025 09:00:00,0,1192,0,434
11/21/2025 09:30:00,0,1336,0,459
11/21/2025 10:00:00,0,1389,0,493
11/21/2025 10:30:00,0,1423,0,530
11/21/2025 11:00:00,0,1308,0,482
11/21/2025 11:30:00,0,1206,0,512
11/21/2025 12:00:00,0,1203,0,522
11/21/2025 12:30:00,0,953,0,458
11/21/2025 13:00:00,0,787,0,390
11/21/2025 13:30:00,0,362,0,258
11/21/2025 14:00:00,0,523,0,265
11/21/2025 14:30:00,0,1058,0,417
11/21/2025 15:00:00,0,1495,0,521
11/21/2025 15:30:00,0,1415,0,523
11/21/2025 16:00:00,0,1397,0,516
11/21/2025 16:30:00,0,1417,0,495
11/21/2025 17:00:00,0,1318,0,478
11/21/2025 17:30:00,0,944,0,300
11/21/2025 18:00:00,0,1222,0,441
11/21/2025 18:30:00,0,1414,0,496
11/21/2025 19:00:00,0,1562,0,536
11/21/2025 19:30:00,0,1494,0,508
11/21/2025 20:00:00,0,1292,0,421
11/21/2025 20:30:00,0,1146,0,367
11/21/2025 21:00:00,0,1380,0,453
11/21/2025 21:30:00,0,1375,0,449
11/21/2025 22:00:00,0,1423,0,504
11/21/2025 22:30:00,0,1300,0,423
11/21/2025 23:00:00,0,1415,0,470
11/21/2025 23:30:00,0,1401,0,476
11/22/2025 00:00:00,0,1353,0,411
11/22/2025 00:30:00,0,975,0,297
11/22/2025 01:00:00,0,828,0,238
11/22/2025 01:30:00,0,959,0,288
11/22/2025 02:00:00,0,1149,0,362
11/22/2025 02:30:00,0,1301,0,443
11/22/2025 03:00:00,0,1372,0,432
11/22/2025 03:30:00,0,1222,0,384
11/22/2025 04:00:00,0,1301,0,414
11/22/2025 04:30:00,0,1406,0,438
11/22/2025 05:00:00,0,1385,0,462
11/22/2025 05:30:00,0,1333,0,440
11/22/2025 06:00:00,0,1262,0,407
11/22/2025 06:30:00,0,916,0,269
11/22/2025 07:00:00,0,1320,0,453
11/22/2025 07:30:00,0,1219,0,383
11/22/2025 08:00:00,0,984,0,323
11/22/2025 08:30:00,0,966,0,345
11/22/2025 09:00:00,0,1146,0,414
11/22/2025 09:30:00,0,1090,0,443
11/22/2025 10:00:00,0,1132,0,457
11/22/2025 10:30:00,0,951,0,439
11/22/2025 11:00:00,0,1134,0,504
11/22/2025 11:30:00,0,1101,0,455
11/22/2025 12:00:00,0,977,0,451
11/22/2025 12:30:00,0,1034,0,458
11/22/2025 13:00:00,0,1048,0,433
11/22/2025 13:30:00,0,456,0,255
11/22/2025 14:00:00,0,251,0,210
11/22/2025 14:30:00,0,813,0,407
11/22/2025 15:00:00,0,1056,0,455
11/22/2025 15:30:00,0,1044,0,466
11/22/2025 16:00:00,0,1044,0,457
11/22/2025 16:30:00,0,931,0,364
11/22/2025 17:00:00,0,779,0,280
11/22/2025 17:30:00,0,666,0,185
11/22/2025 18:00:00,0,914,0,306
11/22/2025 18:30:00,0,1008,0,329
11/22/2025 19:00:00,0,987,0,308
11/22/2025 19:30:00,0,874,0,261
11/22/2025 20:00:00,0,778,0,211
11/22/2025 20:30:00,0,949,0,287
11/22/2025 21:00:00,0,1334,0,449
11/22/2025 21:30:00,0,1389,0,465
11/22/2025 22:00:00,0,1433,0,451
11/22/2025 22:30:00,0,1307,0,410
11/22/2025 23:00:00,0,1379,0,448
11/22/2025 23:30:00,0,1297,0,399
11/23/2025 00:00:00,0,1366,0,425
11/23/2025 00:30:00,0,1078,0,310
11/23/2025 01:00:00,0,927,0,249
11/23/2025 01:30:00,0,1031,0,312
11/23/2025 02:00:00,0,1065,0,306
11/23/2025 02:30:00,0,1220,0,412
11/23/2025 03:00:00,0,1250,0,408
11/23/2025 03:30:00,0,1258,0,396
11/23/2025 04:00:00,0,1276,0,394
11/23/2025 04:30:00,0,1135,0,341
11/23/2025 05:00:00,0,1089,0,332
11/23/2025 05:30:00,0,1003,0,287
11/23/2025 06:00:00,0,966,0,267
11/23/2025 06:30:00,0,708,0,197
11/23/2025 07:00:00,0,915,0,265
11/23/2025 07:30:00,0,882,0,259
11/23/2025 08:00:00,0,745,0,224
11/23/2025 08:30:00,0,714,0,214
11/23/2025 09:00:00,0,732,0,275
11/23/2025 09:30:00,0,963,0,376
11/23/2025 10:00:00,0,1100,0,413
11/23/2025 10:30:00,0,1092,0,402
11/23/2025 11:00:00,0,1150,0,437
11/23/2025 11:30:00,0,967,0,423
11/23/2025 12:00:00,0,1158,0,429
11/23/2025 12:30:00,0,969,0,454
11/23/2025 13:00:00,0,790,0,386
11/23/2025 13:30:00,2,168,0,190
11/23/2025 14:00:00,0,487,0,199
11/23/2025 14:30:00,0,1071,0,407
11/23/2025 15:00:00,0,1156,0,453
11/23/2025 15:30:00,0,1232,0,426
11/23/2025 16:00:00,0,1225,0,458
11/23/2025 16:30:00,0,1254,0,448
11/23/2025 17:00:00,0,1215,0,415
11/23/2025 17:30:00,0,976,0,324
11/23/2025 18:00:00,0,1149,0,371
11/23/2025 18:30:00,0,934,0,264
11/23/2025 19:00:00,0,1056,0,330
11/23/2025 19:30:00,0,884,0,252
11/23/2025 20:00:00,0,662,0,174
11/23/2025 20:30:00,0,677,0,191
11/23/2025 21:00:00,0,868,0,250
11/23/2025 21:30:00,0,1202,0,377
11/23/2025 22:00:00,0,1324,0,404
11/23/2025 22:30:00,0,1178,0,359
11/23/2025 23:00:00,0,1260,0,398
11/23/2025 23:30:00,0,1233,0,390
11/24/2025 00:00:00,0,1130,0,352
11/24/2025 00:30:00,0,903,0,250
11/24/2025 01:00:00,0,838,0,212
11/24/2025 01:30:00,0,1042,0,312
11/24/2025 02:00:00,0,1087,0,326
11/24/2025 02:30:00,0,1151,0,364
11/24/2025 03:00:00,0,1166,0,383
11/24/2025 03:30:00,0,1209,0,393
11/24/2025 04:00:00,0,1163,0,358
11/24/2025 04:30:00,0,1239,0,395
11/24/2025 05:00:00,0,1256,0,402
11/24/2025 05:30:00,0,1141,0,343
11/24/2025 06:00:00,0,1117,0,345
11/24/2025 06:30:00,0,776,0,226
11/24/2025 07:00:00,0,1082,0,332
11/24/2025 07:30:00,0,903,0,264
11/24/2025 08:00:00,0,816,0,239
11/24/2025 08:30:00,0,972,0,319
11/24/2025 09:00:00,0,1248,0,409
11/24/2025 09:30:00,0,1324,0,474
11/24/2025 10:00:00,0,1357,0,468
11/24/2025 10:30:00,0,1300,0,468
11/24/2025 11:00:00,0,1372,0,499
11/24/2025 11:30:00,0,1234,0,467
11/24/2025 12:00:00,0,1275,0,455
11/24/2025 12:30:00,0,1122,0,426
11/24/2025 13:00:00,0,925,0,355
11/24/2025 13:30:00,0,804,0,273
11/24/2025 14:00:00,0,889,0,323
11/24/2025 14:30:00,0,1160,0,436
11/24/2025 15:00:00,0,1311,0,473
11/24/2025 15:30:00,0,1253,0,473
11/24/2025 16:00:00,0,1232,0,419
11/24/2025 16:30:00,0,1297,0,475
11/24/2025 17:00:00,0,1326,0,465
11/24/2025 17:30:00,0,872,0,301
11/24/2025 18:00:00,0,1217,0,447
11/24/2025 18:30:00,0,1375,0,489
11/24/2025 19:00:00,0,1417,0,496
11/24/2025 19:30:00,0,1482,0,493
11/24/2025 20:00:00,0,1218,0,380
11/24/2025 20:30:00,0,1120,0,329
11/24/2025 21:00:00,0,1257,0,401
11/24/2025 21:30:00,0,1380,0,444
11/24/2025 22:00:00,0,1365,0,426
11/24/2025 22:30:00,0,1343,0,448
11/24/2025 23:00:00,0,1385,0,463
11/24/2025 23:30:00,0,1317,0,406
11/25/2025 00:00:00,0,1277,0,397
11/25/2025 00:30:00,0,971,0,270
11/25/2025 01:00:00,0,846,0,248
11/25/2025 01:30:00,0,1028,0,302
11/25/2025 02:00:00,0,1176,0,391
11/25/2025 02:30:00,0,1423,0,459
11/25/2025 03:00:00,0,1311,0,413
11/25/2025 03:30:00,0,1216,0,392
11/25/2025 04:00:00,0,1325,0,404
11/25/2025 04:30:00,0,1376,0,443
11/25/2025 05:00:00,0,1217,0,382
11/25/2025 05:30:00,0,1167,0,395
11/25/2025 06:00:00,0,1192,0,393
11/25/2025 06:30:00,0,869,0,244
11/25/2025 07:00:00,0,1128,0,343
11/25/2025 07:30:00,0,1177,0,360
11/25/2025 08:00:00,0,915,0,263
11/25/2025 08:30:00,0,955,0,321
11/25/2025 09:00:00,0,1284,0,452
11/25/2025 09:30:00,0,1288,0,503
11/25/2025 10:00:00,0,1137,0,459
11/25/2025 10:30:00,0,1071,0,472
11/25/2025 11:00:00,0,1082,0,456
11/25/2025 11:30:00,0,930,0,451
11/25/2025 12:00:00,0,1065,0,462
11/25/2025 12:30:00,0,990,0,415
11/25/2025 13:00:00,0,803,0,329
11/25/2025 13:30:00,0,693,0,259
11/25/2025 14:00:00,0,780,0,273
11/25/2025 14:30:00,0,1392,0,458
11/25/2025 15:00:00,0,1318,0,506
11/25/2025 15:30:00,0,1311,0,480
11/25/2025 16:00:00,0,1489,0,513
11/25/2025 16:30:00,0,1457,0,488
11/25/2025 17:00:00,0,1313,0,449
11/25/2025 17:30:00,0,899,0,318
11/25/2025 18:00:00,0,1360,0,480
11/25/2025 18:30:00,0,1403,0,475
11/25/2025 19:00:00,0,1381,0,465
11/25/2025 19:30:00,0,1406,0,489
11/25/2025 20:00:00,0,1218,0,388
11/25/2025 20:30:00,0,1033,0,329
11/25/2025 21:00:00,0,1245,0,408
11/25/2025 21:30:00,0,1361,0,459
11/25/2025 22:00:00,0,1300,0,403
11/25/2025 22:30:00,0,1273,0,399
11/25/2025 23:00:00,0,1343,0,434
11/25/2025 23:30:00,0,1379,0,452
11/26/2025 00:00:00,0,1192,0,380
11/26/2025 00:30:00,0,961,0,278
11/26/2025 01:00:00,0,804,0,197
11/26/2025 01:30:00,0,977,0,307
11/26/2025 02:00:00,0,1120,0,361
11/26/2025 02:30:00,0,1275,0,440
11/26/2025 03:00:00,0,1251,0,402
11/26/2025 03:30:00,0,1273,0,389
11/26/2025 04:00:00,0,1295,0,420
11/26/2025 04:30:00,0,1309,0,418
11/26/2025 05:00:00,0,1222,0,399
11/26/2025 05:30:00,0,1197,0,384
11/26/2025 06:00:00,0,1210,0,369
11/26/2025 06:30:00,0,793,0,201
11/26/2025 07:00:00,0,1136,0,368
11/26/2025 07:30:00,0,1116,0,357
11/26/2025 08:00:00,0,943,0,316
11/26/2025 08:30:00,0,1030,0,385
11/26/2025 09:00:00,0,1116,0,416
11/26/2025 09:30:00,0,1173,0,458
11/26/2025 10:00:00,0,1054,0,463
11/26/2025 10:30:00,0,1167,0,464
11/26/2025 11:00:00,0,978,0,417
11/26/2025 11:30:00,0,1059,0,449
11/26/2025 12:00:00,0,831,0,412
11/26/2025 12:30:00,0,832,0,428
11/26/2025 13:00:00,0,862,0,369
11/26/2025 13:30:00,0,631,0,259
11/26/2025 14:00:00,0,519,0,263
11/26/2025 14:30:00,0,933,0,383
11/26/2025 15:00:00,0,1094,0,472
11/26/2025 15:30:00,0,1160,0,424
11/26/2025 16:00:00,0,1270,0,471
11/26/2025 16:30:00,0,1207,0,479
11/26/2025 17:00:00,0,1305,0,466
11/26/2025 17:30:00,0,964,0,306
11/26/2025 18:00:00,0,1454,0,503
11/26/2025 18:30:00,0,1463,0,504
11/26/2025 19:00:00,0,1502,0,509
11/26/2025 19:30:00,0,1531,0,502
11/26/2025 20:00:00,0,1199,0,361
11/26/2025 20:30:00,0,1204,0,352
11/26/2025 21:00:00,0,1398,0,413
11/26/2025 21:30:00,0,1341,0,419
11/26/2025 22:00:00,0,1322,0,420
11/26/2025 22:30:00,0,1362,0,435
11/26/2025 23:00:00,0,1404,0,445
11/26/2025 23:30:00,0,1388,0,464
11/27/2025 00:00:00,0,1297,0,396
11/27/2025 00:30:00,0,1045,0,275
11/27/2025 01:00:00,0,888,0,200
11/27/2025 01:30:00,0,1050,0,293
11/27/2025 02:00:00,0,1194,0,368
11/27/2025 02:30:00,0,1216,0,330
11/27/2025 03:00:00,0,1323,0,432
11/27/2025 03:30:00,0,1339,0,447
11/27/2025 04:00:00,0,1306,0,426
11/27/2025 04:30:00,0,1378,0,460
11/27/2025 05:00:00,0,1310,0,427
11/27/2025 05:30:00,0,1391,0,451
11/27/2025 06:00:00,0,1307,0,391
11/27/2025 06:30:00,0,848,0,177
11/27/2025 07:00:00,0,1433,0,462
11/27/2025 07:30:00,0,1463,0,465
11/27/2025 08:00:00,0,1133,0,312
11/27/2025 08:30:00,0,1024,0,310
11/27/2025 09:00:00,0,1435,0,520
11/27/2025 09:30:00,0,1310,0,436
11/27/2025 10:00:00,0,1350,0,490
11/27/2025 10:30:00,0,1386,0,501
11/27/2025 11:00:00,0,1308,0,482
11/27/2025 11:30:00,0,1285,0,455
11/27/2025 12:00:00,0,1217,0,461
11/27/2025 12:30:00,0,1207,0,463
11/27/2025 13:00:00,0,1268,0,417
11/27/2025 13:30:00,0,888,0,224
11/27/2025 14:00:00,0,899,0,273
11/27/2025 14:30:00,0,1350,0,472
11/27/2025 15:00:00,0,1437,0,491
11/27/2025 15:30:00,0,1543,0,507
11/27/2025 16:00:00,0,1466,0,473
11/27/2025 16:30:00,0,1597,0,497
11/27/2025 17:00:00,0,1547,0,486
11/27/2025 17:30:00,0,1011,0,293
11/27/2025 18:00:00,0,1467,0,494
11/27/2025 18:30:00,0,1444,0,452
11/27/2025 19:00:00,0,1468,0,463
11/27/2025 19:30:00,0,1431,0,470
11/27/2025 20:00:00,0,1170,0,340
11/27/2025 20:30:00,0,1022,0,293
11/27/2025 21:00:00,0,1266,0,409
11/27/2025 21:30:00,0,1349,0,399
11/27/2025 22:00:00,0,1274,0,374
11/27/2025 22:30:00,0,1246,0,364
11/27/2025 23:00:00,0,1360,0,394
11/27/2025 23:30:00,0,1317,0,394
11/28/2025 00:00:00,0,1260,0,370
11/28/2025 00:30:00,0,976,0,277
11/28/2025 01:00:00,0,798,0,191
11/28/2025 01:30:00,0,963,0,265
11/28/2025 02:00:00,0,1124,0,324
11/28/2025 02:30:00,0,1345,0,424
11/28/2025 03:00:00,0,1274,0,388
11/28/2025 03:30:00,0,1321,0,408
11/28/2025 04:00:00,0,1289,0,386
11/28/2025 04:30:00,0,1246,0,382
11/28/2025 05:00:00,0,1264,0,405
11/28/2025 05:30:00,0,1193,0,376
11/28/2025 06:00:00,0,1161,0,335
11/28/2025 06:30:00,0,786,0,173
11/28/2025 07:00:00,0,1092,0,314
11/28/2025 07:30:00,0,1189,0,369
11/28/2025 08:00:00,0,1012,0,299
11/28/2025 08:30:00,0,964,0,285
11/28/2025 09:00:00,0,1248,0,410
11/28/2025 09:30:00,0,1277,0,435
11/28/2025 10:00:00,0,1327,0,452
11/28/2025 10:30:00,0,1287,0,438
11/28/2025 11:00:00,0,1337,0,447
11/28/2025 11:30:00,0,1279,0,439
11/28/2025 12:00:00,0,1161,0,400
11/28/2025 12:30:00,0,1096,0,403
11/28/2025 13:00:00,0,826,0,303
11/28/2025 13:30:00,0,633,0,182
11/28/2025 14:00:00,0,694,0,222
11/28/2025 14:30:00,0,946,0,331
11/28/2025 15:00:00,0,1092,0,410
11/28/2025 15:30:00,0,1137,0,428
11/28/2025 16:00:00,0,1197,0,440
11/28/2025 16:30:00,0,1214,0,446
11/28/2025 17:00:00,0,1261,0,440
11/28/2025 17:30:00,0,849,0,246
11/28/2025 18:00:00,0,1223,0,425
11/28/2025 18:30:00,0,1342,0,432
11/28/2025 19:00:00,0,1341,0,430
11/28/2025 19:30:00,0,1253,0,394
11/28/2025 20:00:00,0,1108,0,348
11/28/2025 20:30:00,0,1064,0,336
11/28/2025 21:00:00,0,1330,0,414
11/28/2025 21:30:00,0,1370,0,432
11/28/2025 22:00:00,0,1361,0,460
11/28/2025 22:30:00,0,1354,0,452
11/28/2025 23:00:00,0,1331,0,443
11/28/2025 23:30:00,0,1350,0,426
11/29/2025 00:00:00,0,1314,0,418
11/29/2025 00:30:00,0,999,0,286
11/29/2025 01:00:00,0,847,0,242
11/29/2025 01:30:00,0,981,0,307
11/29/2025 02:00:00,0,1113,0,326
11/29/2025 02:30:00,0,1215,0,397
11/29/2025 03:00:00,0,1239,0,420
11/29/2025 03:30:00,0,1160,0,367
11/29/2025 04:00:00,0,1234,0,391
11/29/2025 04:30:00,0,1162,0,377
11/29/2025 05:00:00,0,1171,0,360
11/29/2025 05:30:00,0,1204,0,349
11/29/2025 06:00:00,0,1037,0,286
11/29/2025 06:30:00,0,809,0,189
11/29/2025 07:00:00,0,1137,0,338
11/29/2025 07:30:00,0,1250,0,407
11/29/2025 08:00:00,0,932,0,279
11/29/2025 08:30:00,0,920,0,299
11/29/2025 09:00:00,0,1083,0,399
11/29/2025 09:30:00,0,1190,0,455
11/29/2025 10:00:00,0,1128,0,434
11/29/2025 10:30:00,0,1075,0,493
11/29/2025 11:00:00,0,1092,0,468
11/29/2025 11:30:00,0,1149,0,489
11/29/2025 12:00:00,0,954,0,450
11/29/2025 12:30:00,0,913,0,451
11/29/2025 13:00:00,0,727,0,414
11/29/2025 13:30:00,0,271,0,198
11/29/2025 14:00:00,0,189,0,159
11/29/2025 14:30:00,0,669,0,364
11/29/2025 15:00:00,0,802,0,427
11/29/2025 15:30:00,0,914,0,407
11/29/2025 16:00:00,0,1091,0,456
11/29/2025 16:30:00,0,821,0,306
11/29/2025 17:00:00,0,795,0,226
11/29/2025 17:30:00,0,571,0,155
11/29/2025 18:00:00,0,754,0,249
11/29/2025 18:30:00,0,967,0,298
11/29/2025 19:00:00,0,930,0,252
11/29/2025 19:30:00,0,905,0,240
11/29/2025 20:00:00,0,770,0,189
11/29/2025 20:30:00,0,910,0,222
11/29/2025 21:00:00,0,1117,0,326
11/29/2025 21:30:00,0,1248,0,376
11/29/2025 22:00:00,0,1173,0,350
11/29/2025 22:30:00,0,1184,0,348
11/29/2025 23:00:00,0,1208,0,371
11/29/2025 23:30:00,0,1262,0,377
11/30/2025 00:00:00,0,1186,0,351
11/30/2025 00:30:00,0,951,0,236
11/30/2025 01:00:00,0,865,0,189
11/30/2025 01:30:00,0,911,0,268
11/30/2025 02:00:00,0,982,0,285
11/30/2025 02:30:00,0,1177,0,353
11/30/2025 03:00:00,0,1161,0,352
11/30/2025 03:30:00,0,1176,0,338
11/30/2025 04:00:00,0,1079,0,290
11/30/2025 04:30:00,0,1031,0,264
11/30/2025 05:00:00,0,930,0,222
11/30/2025 05:30:00,0,970,0,270
11/30/2025 06:00:00,0,933,0,241
11/30/2025 06:30:00,0,713,0,150
11/30/2025 07:00:00,0,855,0,225
11/30/2025 07:30:00,0,848,0,247
11/30/2025 08:00:00,0,704,0,157
11/30/2025 08:30:00,0,610,0,178
11/30/2025 09:00:00,0,733,0,274
11/30/2025 09:30:00,0,884,0,336
11/30/2025 10:00:00,0,971,0,400
11/30/2025 10:30:00,0,905,0,396
11/30/2025 11:00:00,0,837,0,360
11/30/2025 11:30:00,0,953,0,400
11/30/2025 12:00:00,0,804,0,400
11/30/2025 12:30:00,0,682,0,361
11/30/2025 13:00:00,0,709,0,367
11/30/2025 13:30:00,1,190,0,146
11/30/2025 14:00:00,1,201,0,156
11/30/2025 14:30:00,0,674,0,341
11/30/2025 15:00:00,0,768,0,369
11/30/2025 15:30:00,0,916,0,415
11/30/2025 16:00:00,0,883,0,391
11/30/2025 16:30:00,0,918,0,414
11/30/2025 17:00:00,0,1056,0,417
11/30/2025 17:30:00,0,888,0,309
11/30/2025 18:00:00,0,1070,0,354
11/30/2025 18:30:00,0,949,0,298
11/30/2025 19:00:00,0,934,0,280
11/30/2025 19:30:00,0,912,0,277
11/30/2025 20:00:00,0,830,0,228
11/30/2025 20:30:00,0,750,0,166
11/30/2025 21:00:00,0,845,0,221
11/30/2025 21:30:00,0,889,0,222
11/30/2025 22:00:00,0,916,0,233
11/30/2025 22:30:00,0,926,0,251
11/30/2025 23:00:00,0,975,0,257
11/30/2025 23:30:00,0,898,0,219
12/01/2025 00:00:00,0,901,0,245
12/01/2025 00:30:00,0,599,0,83
12/01/2025 01:00:00,0,588,0,82
12/01/2025 01:30:00,0,848,0,221
12/01/2025 02:00:00,0,1038,0,286
12/01/2025 02:30:00,0,968,0,248
12/01/2025 03:00:00,0,925,0,246
12/01/2025 03:30:00,0,1006,0,256
12/01/2025 04:00:00,0,996,0,265
12/01/2025 04:30:00,0,956,0,252
12/01/2025 05:00:00,0,957,0,256
12/01/2025 05:30:00,0,954,0,244
12/01/2025 06:00:00,0,845,0,207
12/01/2025 06:30:00,0,654,0,119
12/01/2025 07:00:00,0,953,0,245
12/01/2025 07:30:00,0,925,0,251
12/01/2025 08:00:00,0,726,0,173
12/01/2025 08:30:00,0,941,0,282
12/01/2025 09:00:00,0,1213,0,408
12/01/2025 09:30:00,0,1098,0,425
12/01/2025 10:00:00,0,1062,0,467
12/01/2025 10:30:00,0,904,0,416
12/01/2025 11:00:00,0,824,0,399
12/01/2025 11:30:00,0,861,0,427
12/01/2025 12:00:00,0,874,0,421
12/01/2025 12:30:00,0,853,0,429
12/01/2025 13:00:00,0,795,0,405
12/01/2025 13:30:00,0,402,0,216
12/01/2025 14:00:00,0,463,0,236
12/01/2025 14:30:00,0,1001,0,435
12/01/2025 15:00:00,0,1035,0,440
12/01/2025 15:30:00,0,962,0,434
12/01/2025 16:00:00,0,1181,0,480
12/01/2025 16:30:00,0,1142,0,460
12/01/2025 17:00:00,0,1274,0,485
12/01/2025 17:30:00,0,805,0,257
12/01/2025 18:00:00,0,1348,0,486
12/01/2025 18:30:00,0,1499,0,493
12/01/2025 19:00:00,0,1432,0,458
12/01/2025 19:30:00,0,1486,0,465
12/01/2025 20:00:00,0,1305,0,383
12/01/2025 20:30:00,0,1103,0,308
12/01/2025 21:00:00,0,1313,0,424
12/01/2025 21:30:00,0,1295,0,411
12/01/2025 22:00:00,0,1308,0,413
12/01/2025 22:30:00,0,1297,0,420
12/01/2025 23:00:00,0,1308,0,404
12/01/2025 23:30:00,0,1360,0,414
12/02/2025 00:00:00,0,1386,0,409
12/02/2025 00:30:00,0,1020,0,248
12/02/2025 01:00:00,0,827,0,186
12/02/2025 01:30:00,0,1095,0,323
12/02/2025 02:00:00,0,1154,0,345
12/02/2025 02:30:00,0,1265,0,402
12/02/2025 03:00:00,0,1133,0,328
12/02/2025 03:30:00,0,1321,0,384
12/02/2025 04:00:00,0,1373,0,435
12/02/2025 04:30:00,0,1272,0,381
12/02/2025 05:00:00,0,1351,0,415
12/02/2025 05:30:00,0,1359,0,432
12/02/2025 06:00:00,0,1270,0,389
12/02/2025 06:30:00,0,828,0,168
12/02/2025 07:00:00,0,1074,0,315
12/02/2025 07:30:00,0,1091,0,274
12/02/2025 08:00:00,0,970,0,268
12/02/2025 08:30:00,0,918,0,325
12/02/2025 09:00:00,0,1087,0,400
12/02/2025 09:30:00,0,1108,0,447
12/02/2025 10:00:00,0,1147,0,440
12/02/2025 10:30:00,0,1133,0,434
12/02/2025 11:00:00,0,1050,0,483
12/02/2025 11:30:00,0,970,0,470
12/02/2025 12:00:00,0,977,0,475
12/02/2025 12:30:00,0,809,0,386
12/02/2025 13:00:00,0,661,0,331
12/02/2025 13:30:00,0,447,0,225
12/02/2025 14:00:00,0,589,0,273
12/02/2025 14:30:00,0,1001,0,416
12/02/2025 15:00:00,0,887,0,422
12/02/2025 15:30:00,0,1128,0,409
12/02/2025 16:00:00,0,1063,0,415
12/02/2025 16:30:00,0,1217,0,441
12/02/2025 17:00:00,0,1363,0,453
12/02/2025 17:30:00,0,946,0,300
12/02/2025 18:00:00,0,1324,0,446
12/02/2025 18:30:00,0,1453,0,465
12/02/2025 19:00:00,0,1447,0,457
12/02/2025 19:30:00,0,1386,0,423
12/02/2025 20:00:00,0,1210,0,365
12/02/2025 20:30:00,0,1120,0,304
12/02/2025 21:00:00,0,1289,0,400
12/02/2025 21:30:00,0,1303,0,399
12/02/2025 22:00:00,0,1385,0,433
12/02/2025 22:30:00,0,1343,0,388
12/02/2025 23:00:00,0,1412,0,434
12/02/2025 23:30:00,0,1471,0,459
12/03/2025 00:00:00,0,1366,0,426
12/03/2025 00:30:00,0,1032,0,293
12/03/2025 01:00:00,0,885,0,239
12/03/2025 01:30:00,0,1049,0,304
12/03/2025 02:00:00,0,1314,0,429
12/03/2025 02:30:00,0,1487,0,472
12/03/2025 03:00:00,0,1534,0,491
12/03/2025 03:30:00,0,1456,0,437
12/03/2025 04:00:00,0,1458,0,475
12/03/2025 04:30:00,0,1505,0,489
12/03/2025 05:00:00,0,1350,0,438
12/03/2025 05:30:00,0,1411,0,467
12/03/2025 06:00:00,0,1354,0,414
12/03/2025 06:30:00,0,851,0,184
12/03/2025 07:00:00,0,1098,0,330
12/03/2025 07:30:00,0,1318,0,443
12/03/2025 08:00:00,0,1058,0,316
12/03/2025 08:30:00,0,968,0,319
12/03/2025 09:00:00,0,1202,0,443
12/03/2025 09:30:00,0,1185,0,465
12/03/2025 10:00:00,0,1036,0,435
12/03/2025 10:30:00,0,984,0,390
12/03/2025 11:00:00,0,971,0,440
12/03/2025 11:30:00,0,918,0,457
12/03/2025 12:00:00,0,1043,0,453
12/03/2025 12:30:00,0,822,0,404
12/03/2025 13:00:00,0,727,0,341
12/03/2025 13:30:00,0,460,0,228
12/03/2025 14:00:00,0,631,0,251
12/03/2025 14:30:00,0,1060,0,436
12/03/2025 15:00:00,0,1293,0,503
12/03/2025 15:30:00,0,1263,0,463
12/03/2025 16:00:00,0,1087,0,463
12/03/2025 16:30:00,0,1259,0,489
12/03/2025 17:00:00,0,1402,0,446
12/03/2025 17:30:00,0,1049,0,301
12/03/2025 18:00:00,0,1367,0,477
12/03/2025 18:30:00,0,1442,0,518
12/03/2025 19:00:00,0,1381,0,451
12/03/2025 19:30:00,0,1407,0,455
12/03/2025 20:00:00,0,1214,0,342
12/03/2025 20:30:00,0,1092,0,287
12/03/2025 21:00:00,0,1157,0,345
12/03/2025 21:30:00,0,1190,0,343
12/03/2025 22:00:00,0,1330,0,373
12/03/2025 22:30:00,0,1297,0,379
12/03/2025 23:00:00,0,1387,0,405
12/03/2025 23:30:00,0,1367,0,411
12/04/2025 00:00:00,0,1289,0,357
12/04/2025 00:30:00,0,980,0,231
12/04/2025 01:00:00,0,841,0,169
12/04/2025 01:30:00,0,1038,0,267
12/04/2025 02:00:00,0,1186,0,331
12/04/2025 02:30:00,0,1338,0,380
12/04/2025 03:00:00,0,1357,0,393
12/04/2025 03:30:00,0,1415,0,429
12/04/2025 04:00:00,0,1378,0,423
12/04/2025 04:30:00,0,1299,0,380
12/04/2025 05:00:00,0,1256,0,331
12/04/2025 05:30:00,0,1265,0,377
12/04/2025 06:00:00,0,1189,0,346
12/04/2025 06:30:00,0,811,0,171
12/04/2025 07:00:00,0,1040,0,296
12/04/2025 07:30:00,0,1315,0,410
12/04/2025 08:00:00,0,1051,0,295
12/04/2025 08:30:00,0,1052,0,319
12/04/2025 09:00:00,0,1306,0,445
12/04/2025 09:30:00,0,1395,0,486
12/04/2025 10:00:00,0,1176,0,441
12/04/2025 10:30:00,0,1223,0,459
12/04/2025 11:00:00,0,1316,0,494
12/04/2025 11:30:00,0,1224,0,481
12/04/2025 12:00:00,0,1143,0,489
12/04/2025 12:30:00,0,1110,0,453
12/04/2025 13:00:00,0,1043,0,404
12/04/2025 13:30:00,0,395,0,230
12/04/2025 14:00:00,0,466,0,269
12/04/2025 14:30:00,0,1152,0,464
12/04/2025 15:00:00,0,984,0,438
12/04/2025 15:30:00,0,1363,0,497
12/04/2025 16:00:00,0,1395,0,530
12/04/2025 16:30:00,0,1476,0,530
12/04/2025 17:00:00,0,1448,0,535
12/04/2025 17:30:00,0,1024,0,312
12/04/2025 18:00:00,0,1400,0,465
12/04/2025 18:30:00,0,1619,0,535
12/04/2025 19:00:00,0,1534,0,523
12/04/2025 19:30:00,0,1580,0,496
12/04/2025 20:00:00,0,1283,0,384
12/04/2025 20:30:00,0,1104,0,298
12/04/2025 21:00:00,0,1390,0,441
12/04/2025 21:30:00,0,1452,0,431
12/04/2025 22:00:00,0,1330,0,401
12/04/2025 22:30:00,0,1354,0,403
12/04/2025 23:00:00,0,1333,0,400
12/04/2025 23:30:00,0,1308,0,406
12/05/2025 00:00:00,0,1409,0,433
12/05/2025 00:30:00,0,1043,0,274
12/05/2025 01:00:00,0,820,0,179
12/05/2025 01:30:00,0,996,0,270
12/05/2025 02:00:00,0,1077,0,300
12/05/2025 02:30:00,0,1242,0,369
12/05/2025 03:00:00,0,1276,0,368
12/05/2025 03:30:00,0,1268,0,370
12/05/2025 04:00:00,0,1366,0,409
12/05/2025 04:30:00,0,1365,0,397
12/05/2025 05:00:00,0,1368,0,403
12/05/2025 05:30:00,0,1286,0,387
12/05/2025 06:00:00,0,1254,0,384
12/05/2025 06:30:00,0,903,0,247
12/05/2025 07:00:00,0,1128,0,323
12/05/2025 07:30:00,0,1355,0,423
12/05/2025 08:00:00,0,1003,0,260
12/05/2025 08:30:00,0,1005,0,304
12/05/2025 09:00:00,0,1234,0,400
12/05/2025 09:30:00,0,1266,0,453
12/05/2025 10:00:00,0,1094,0,436
12/05/2025 10:30:00,0,1036,0,425
12/05/2025 11:00:00,0,1053,0,436
12/05/2025 11:30:00,0,948,0,425
12/05/2025 12:00:00,0,1057,0,462
12/05/2025 12:30:00,0,1048,0,408
12/05/2025 13:00:00,0,1027,0,352
12/05/2025 13:30:00,0,448,0,250
12/05/2025 14:00:00,0,738,0,270
12/05/2025 14:30:00,0,846,0,369
12/05/2025 15:00:00,0,1325,0,475
12/05/2025 15:30:00,0,1346,0,513
12/05/2025 16:00:00,0,1514,0,490
12/05/2025 16:30:00,0,1532,0,467
12/05/2025 17:00:00,0,1463,0,454
12/05/2025 17:30:00,0,999,0,284
12/05/2025 18:00:00,0,1408,0,449
12/05/2025 18:30:00,0,1498,0,458
12/05/2025 19:00:00,0,1407,0,415
12/05/2025 19:30:00,0,1331,0,382
12/05/2025 20:00:00,0,1149,0,319
12/05/2025 20:30:00,0,1078,0,283
12/05/2025 21:00:00,0,1269,0,385
12/05/2025 21:30:00,0,1266,0,401
12/05/2025 22:00:00,0,1235,0,349
12/05/2025 22:30:00,0,1318,0,403
12/05/2025 23:00:00,0,1391,0,407
12/05/2025 23:30:00,0,1342,0,403
12/06/2025 00:00:00,0,1254,0,399
12/06/2025 00:30:00,0,960,0,236
12/06/2025 01:00:00,0,794,0,169
12/06/2025 01:30:00,0,903,0,247
12/06/2025 02:00:00,0,1098,0,313
12/06/2025 02:30:00,0,1234,0,347
12/06/2025 03:00:00,0,1247,0,355
12/06/2025 03:30:00,0,1241,0,376
12/06/2025 04:00:00,0,1221,0,365
12/06/2025 04:30:00,0,1204,0,338
12/06/2025 05:00:00,0,1226,0,337
12/06/2025 05:30:00,0,1239,0,376
12/06/2025 06:00:00,0,1113,0,317
12/06/2025 06:30:00,0,772,0,168
12/06/2025 07:00:00,0,1088,0,309
12/06/2025 07:30:00,0,1238,0,352
12/06/2025 08:00:00,0,1037,0,281
12/06/2025 08:30:00,0,988,0,348
12/06/2025 09:00:00,0,1170,0,405
12/06/2025 09:30:00,0,1235,0,459
12/06/2025 10:00:00,0,1194,0,492
12/06/2025 10:30:00,0,1000,0,386
12/06/2025 11:00:00,0,1138,0,435
12/06/2025 11:30:00,0,1170,0,439
12/06/2025 12:00:00,0,1098,0,405
12/06/2025 12:30:00,0,918,0,413
12/06/2025 13:00:00,0,1236,0,393
12/06/2025 13:30:00,0,705,0,231
12/06/2025 14:00:00,0,534,0,182
12/06/2025 14:30:00,0,900,0,344
12/06/2025 15:00:00,0,1115,0,412
12/06/2025 15:30:00,0,1113,0,434
12/06/2025 16:00:00,0,1255,0,439
12/06/2025 16:30:00,0,996,0,332
12/06/2025 17:00:00,0,761,0,236
12/06/2025 17:30:00,0,702,0,141
12/06/2025 18:00:00,0,875,0,233
12/06/2025 18:30:00,0,869,0,245
12/06/2025 19:00:00,0,893,0,241
12/06/2025 19:30:00,0,914,0,231
12/06/2025 20:00:00,0,754,0,167
12/06/2025 20:30:00,0,970,0,251
12/06/2025 21:00:00,0,1238,0,360
12/06/2025 21:30:00,0,1247,0,368
12/06/2025 22:00:00,0,1342,0,390
12/06/2025 22:30:00,0,1370,0,390
12/06/2025 23:00:00,0,1281,0,352
12/06/2025 23:30:00,0,1391,0,428
12/07/2025 00:00:00,0,1264,0,364
12/07/2025 00:30:00,0,927,0,232
12/07/2025 01:00:00,0,880,0,210
12/07/2025 01:30:00,0,1027,0,275
12/07/2025 02:00:00,0,1207,0,332
12/07/2025 02:30:00,0,1346,0,410
12/07/2025 03:00:00,0,1365,0,420
12/07/2025 03:30:00,0,1245,0,400
12/07/2025 04:00:00,0,1225,0,373
12/07/2025 04:30:00,0,1166,0,312
12/07/2025 05:00:00,0,1135,0,295
12/07/2025 05:30:00,0,1082,0,282
12/07/2025 06:00:00,0,1129,0,309
12/07/2025 06:30:00,0,781,0,154
12/07/2025 07:00:00,0,959,0,262
12/07/2025 07:30:00,0,891,0,240
12/07/2025 08:00:00,0,629,0,159
12/07/2025 08:30:00,0,585,0,184
12/07/2025 09:00:00,0,673,0,246
12/07/2025 09:30:00,0,871,0,344
12/07/2025 10:00:00,0,1056,0,403
12/07/2025 10:30:00,0,945,0,392
12/07/2025 11:00:00,0,782,0,407
12/07/2025 11:30:00,0,686,0,380
12/07/2025 12:00:00,0,768,0,394
12/07/2025 12:30:00,0,738,0,419
12/07/2025 13:00:00,0,774,0,394
12/07/2025 13:30:00,0,248,0,141
12/07/2025 14:00:00,1,397,0,150
12/07/2025 14:30:00,0,816,0,385
12/07/2025 15:00:00,0,728,0,339
12/07/2025 15:30:00,0,950,0,360
12/07/2025 16:00:00,0,808,0,341
12/07/2025 16:30:00,0,917,0,334
12/07/2025 17:00:00,0,1120,0,343
12/07/2025 17:30:00,0,960,0,251
12/07/2025 18:00:00,0,1124,0,316
12/07/2025 18:30:00,0,966,0,281
12/07/2025 19:00:00,0,893,0,256
12/07/2025 19:30:00,0,904,0,247
12/07/2025 20:00:00,0,720,0,163
12/07/2025 20:30:00,0,729,0,157
12/07/2025 21:00:00,0,946,0,278
12/07/2025 21:30:00,0,1135,0,349
12/07/2025 22:00:00,0,1190,0,358
12/07/2025 22:30:00,0,1274,0,395
12/07/2025 23:00:00,0,1224,0,343
12/07/2025 23:30:00,0,1194,0,370
12/08/2025 00:00:00,0,1275,0,397
12/08/2025 00:30:00,0,872,0,201
12/08/2025 01:00:00,0,822,0,189
12/08/2025 01:30:00,0,1019,0,274
12/08/2025 02:00:00,0,1015,0,281
12/08/2025 02:30:00,0,1147,0,341
12/08/2025 03:00:00,0,1243,0,398
12/08/2025 03:30:00,0,1202,0,365
12/08/2025 04:00:00,0,1229,0,395
12/08/2025 04:30:00,0,1171,0,380
12/08/2025 05:00:00,0,1145,0,352
12/08/2025 05:30:00,0,1135,0,317
12/08/2025 06:00:00,0,1013,0,270
12/08/2025 06:30:00,0,659,0,135
12/08/2025 07:00:00,0,890,0,234
12/08/2025 07:30:00,0,866,0,221
12/08/2025 08:00:00,0,766,0,176
12/08/2025 08:30:00,0,951,0,284
12/08/2025 09:00:00,0,1174,0,428
12/08/2025 09:30:00,0,1297,0,482
12/08/2025 10:00:00,0,1223,0,461
12/08/2025 10:30:00,0,1217,0,472
12/08/2025 11:00:00,0,1091,0,493
12/08/2025 11:30:00,0,975,0,466
12/08/2025 12:00:00,0,978,0,436
12/08/2025 12:30:00,0,981,0,417
12/08/2025 13:00:00,0,814,0,332
12/08/2025 13:30:00,0,529,0,216
12/08/2025 14:00:00,0,554,0,250
12/08/2025 14:30:00,0,1067,0,429
12/08/2025 15:00:00,0,1353,0,484
12/08/2025 15:30:00,0,1281,0,471
12/08/2025 16:00:00,0,1018,0,405
12/08/2025 16:30:00,0,1097,0,416
12/08/2025 17:00:00,0,1235,0,417
12/08/2025 17:30:00,0,918,0,289
12/08/2025 18:00:00,0,1320,0,456
12/08/2025 18:30:00,0,1408,0,480
12/08/2025 19:00:00,0,1463,0,493
12/08/2025 19:30:00,0,1463,0,461
12/08/2025 20:00:00,0,1162,0,327
12/08/2025 20:30:00,0,1121,0,346
12/08/2025 21:00:00,0,1257,0,395
12/08/2025 21:30:00,0,1263,0,393
12/08/2025 22:00:00,0,1420,0,453
12/08/2025 22:30:00,0,1387,0,404
12/08/2025 23:00:00,0,1340,0,409
12/08/2025 23:30:00,0,1370,0,453
12/09/2025 00:00:00,0,1297,0,432
12/09/2025 00:30:00,0,938,0,233
12/09/2025 01:00:00,0,784,0,175
12/09/2025 01:30:00,0,953,0,271
12/09/2025 02:00:00,0,1108,0,342
12/09/2025 02:30:00,0,1293,0,420
12/09/2025 03:00:00,0,1357,0,421
12/09/2025 03:30:00,0,1360,0,432
12/09/2025 04:00:00,0,1218,0,353
12/09/2025 04:30:00,0,1315,0,430
12/09/2025 05:00:00,0,1279,0,410
12/09/2025 05:30:00,0,1331,0,419
12/09/2025 06:00:00,0,1221,0,366
12/09/2025 06:30:00,0,765,0,167
12/09/2025 07:00:00,0,1072,0,279
12/09/2025 07:30:00,0,1133,0,331
12/09/2025 08:00:00,0,904,0,289
12/09/2025 08:30:00,0,889,0,323
12/09/2025 09:00:00,0,1076,0,409
12/09/2025 09:30:00,0,1003,0,432
12/09/2025 10:00:00,0,1023,0,432
12/09/2025 10:30:00,0,1303,0,479
12/09/2025 11:00:00,0,1162,0,479
12/09/2025 11:30:00,0,1111,0,465
12/09/2025 12:00:00,0,1322,0,515
12/09/2025 12:30:00,0,1021,0,479
12/09/2025 13:00:00,0,585,0,353
12/09/2025 13:30:00,0,365,0,233
12/09/2025 14:00:00,0,427,0,273
12/09/2025 14:30:00,0,914,0,465
12/09/2025 15:00:00,0,970,0,442
12/09/2025 15:30:00,0,1209,0,502
12/09/2025 16:00:00,0,1460,0,555
12/09/2025 16:30:00,0,1466,0,525
12/09/2025 17:00:00,0,1318,0,498
12/09/2025 17:30:00,0,912,0,320
12/09/2025 18:00:00,0,1501,0,535
12/09/2025 18:30:00,0,1546,0,557
12/09/2025 19:00:00,0,1575,0,535
12/09/2025 19:30:00,0,1550,0,512
12/09/2025 20:00:00,0,1277,0,401
12/09/2025 20:30:00,0,1139,0,369
12/09/2025 21:00:00,0,1388,0,441
12/09/2025 21:30:00,0,1366,0,444
12/09/2025 22:00:00,0,1415,0,438
12/09/2025 22:30:00,0,1371,0,448
12/09/2025 23:00:00,0,1387,0,444
12/09/2025 23:30:00,0,1431,0,430
12/10/2025 00:00:00,0,1381,0,419
12/10/2025 00:30:00,0,1007,0,283
12/10/2025 01:00:00,0,807,0,210
12/10/2025 01:30:00,0,1051,0,316
12/10/2025 02:00:00,0,1180,0,362
12/10/2025 02:30:00,0,1356,0,451
12/10/2025 03:00:00,0,1394,0,458
12/10/2025 03:30:00,0,1403,0,471
12/10/2025 04:00:00,0,1343,0,425
12/10/2025 04:30:00,0,1315,0,428
12/10/2025 05:00:00,0,1314,0,433
12/10/2025 05:30:00,0,1345,0,447
12/10/2025 06:00:00,0,1242,0,380
12/10/2025 06:30:00,0,794,0,200
12/10/2025 07:00:00,0,1176,0,389
12/10/2025 07:30:00,0,1240,0,397
12/10/2025 08:00:00,0,997,0,320
12/10/2025 08:30:00,0,970,0,344
12/10/2025 09:00:00,0,1209,0,479
12/10/2025 09:30:00,0,1288,0,519
12/10/2025 10:00:00,0,1204,0,497
12/10/2025 10:30:00,0,1050,0,476
12/10/2025 11:00:00,0,1042,0,502
12/10/2025 11:30:00,0,1159,0,508
12/10/2025 12:00:00,0,968,0,462
12/10/2025 12:30:00,0,837,0,422
12/10/2025 13:00:00,0,640,0,366
12/10/2025 13:30:00,0,435,0,258
12/10/2025 14:00:00,0,584,0,298
12/10/2025 14:30:00,0,1225,0,502
12/10/2025 15:00:00,0,1214,0,512
12/10/2025 15:30:00,0,1153,0,515
12/10/2025 16:00:00,0,1218,0,484
12/10/2025 16:30:00,0,1125,0,453
12/10/2025 17:00:00,0,1136,0,455
12/10/2025 17:30:00,0,867,0,319
12/10/2025 18:00:00,0,1183,0,447
12/10/2025 18:30:00,0,1386,0,513
12/10/2025 19:00:00,0,1424,0,492
12/10/2025 19:30:00,0,1402,0,488
12/10/2025 20:00:00,0,1219,0,386
12/10/2025 20:30:00,0,1160,0,367
12/10/2025 21:00:00,0,1396,0,469
12/10/2025 21:30:00,0,1341,0,421
12/10/2025 22:00:00,0,1339,0,452
12/10/2025 22:30:00,0,1334,0,428
12/10/2025 23:00:00,0,1323,0,446
12/10/2025 23:30:00,0,1406,0,471
12/11/2025 00:00:00,0,1256,0,406
12/11/2025 00:30:00,0,949,0,251
12/11/2025 01:00:00,0,827,0,204
12/11/2025 01:30:00,0,1003,0,290
12/11/2025 02:00:00,0,1130,0,339
12/11/2025 02:30:00,0,1264,0,391
12/11/2025 03:00:00,0,1264,0,391
12/11/2025 03:30:00,0,1254,0,388
12/11/2025 04:00:00,0,1246,0,385
12/11/2025 04:30:00,0,1406,0,441
12/11/2025 05:00:00,0,1186,0,360
12/11/2025 05:30:00,0,1168,0,353
12/11/2025 06:00:00,0,1097,0,318
12/11/2025 06:30:00,0,775,0,186
12/11/2025 07:00:00,0,1037,0,306
12/11/2025 07:30:00,0,1082,0,323
12/11/2025 08:00:00,0,871,0,248
12/11/2025 08:30:00,0,902,0,293
12/11/2025 09:00:00,0,1113,0,394
12/11/2025 09:30:00,0,1141,0,425
12/11/2025 10:00:00,0,1131,0,438
12/11/2025 10:30:00,0,1094,0,440
12/11/2025 11:00:00,0,825,0,403
12/11/2025 11:30:00,0,785,0,397
12/11/2025 12:00:00,0,1023,0,438
12/11/2025 12:30:00,0,760,0,397
12/11/2025 13:00:00,0,810,0,360
12/11/2025 13:30:00,0,466,0,219
12/11/2025 14:00:00,0,506,0,239
12/11/2025 14:30:00,0,975,0,410
12/11/2025 15:00:00,0,1101,0,447
12/11/2025 15:30:00,0,1141,0,446
12/11/2025 16:00:00,0,1182,0,450
12/11/2025 16:30:00,0,1218,0,442
12/11/2025 17:00:00,0,1201,0,417
12/11/2025 17:30:00,0,878,0,270
12/11/2025 18:00:00,0,1217,0,407
12/11/2025 18:30:00,0,1254,0,408
12/11/2025 19:00:00,0,1264,0,404
12/11/2025 19:30:00,0,1232,0,381
12/11/2025 20:00:00,0,560,0,126
12/11/2025 20:30:00,0,998,0,288
12/11/2025 21:00:00,0,1197,0,370
12/11/2025 21:30:00,0,1272,0,398
12/11/2025 22:00:00,0,1289,0,399
12/11/2025 22:30:00,0,1285,0,396
12/11/2025 23:00:00,0,1309,0,405
12/11/2025 23:30:00,0,1289,0,399
12/12/2025 00:00:00,0,1247,0,380
12/12/2025 00:30:00,0,873,0,213
12/12/2025 01:00:00,0,843,0,206
12/12/2025 01:30:00,0,1093,0,334
12/12/2025 02:00:00,0,1197,0,377
12/12/2025 02:30:00,0,1261,0,407
12/12/2025 03:00:00,0,1247,0,372
12/12/2025 03:30:00,0,1182,0,362
12/12/2025 04:00:00,0,1225,0,370
12/12/2025 04:30:00,0,1131,0,334
12/12/2025 05:00:00,0,859,0,229
12/12/2025 05:30:00,0,791,0,192
12/12/2025 06:00:00,0,736,0,182
12/12/2025 06:30:00,0,588,0,125
12/12/2025 07:00:00,0,592,0,115
12/12/2025 07:30:00,0,586,0,120
12/12/2025 08:00:00,0,598,0,169
12/12/2025 08:30:00,0,926,0,338
12/12/2025 09:00:00,0,1051,0,386
12/12/2025 09:30:00,0,1179,0,458
12/12/2025 10:00:00,0,1172,0,475
12/12/2025 10:30:00,0,1072,0,447
12/12/2025 11:00:00,0,1068,0,463
12/12/2025 11:30:00,0,994,0,461
12/12/2025 12:00:00,0,954,0,488
12/12/2025 12:30:00,0,922,0,432
12/12/2025 13:00:00,0,505,0,289
12/12/2025 13:30:00,0,603,0,249
12/12/2025 14:00:00,0,480,0,312
12/12/2025 14:30:00,0,1011,0,427
12/12/2025 15:00:00,0,978,0,455
12/12/2025 15:30:00,0,1040,0,467
12/12/2025 16:00:00,0,1214,0,464
12/12/2025 16:30:00,0,1303,0,463
12/12/2025 17:00:00,0,1355,0,439
12/12/2025 17:30:00,0,1017,0,326
12/12/2025 18:00:00,0,1385,0,457
12/12/2025 18:30:00,0,1400,0,462
12/12/2025 19:00:00,0,1428,0,480
12/12/2025 19:30:00,0,1320,0,427
12/12/2025 20:00:00,0,1128,0,350
12/12/2025 20:30:00,0,1057,0,346
12/12/2025 21:00:00,0,1262,0,429
12/12/2025 21:30:00,0,1398,0,462
12/12/2025 22:00:00,0,1449,0,449
12/12/2025 22:30:00,0,1359,0,416
12/12/2025 23:00:00,0,1330,0,423
12/12/2025 23:30:00,0,1365,0,442
12/13/2025 00:00:00,0,1331,0,416
12/13/2025 00:30:00,0,952,0,254
12/13/2025 01:00:00,0,827,0,211
12/13/2025 01:30:00,0,984,0,313
12/13/2025 02:00:00,0,1223,0,407
12/13/2025 02:30:00,0,1265,0,426
12/13/2025 03:00:00,0,1280,0,422
12/13/2025 03:30:00,0,1352,0,453
12/13/2025 04:00:00,0,1386,0,461
12/13/2025 04:30:00,0,1420,0,466
12/13/2025 05:00:00,0,1305,0,427
12/13/2025 05:30:00,0,1248,0,429
12/13/2025 06:00:00,0,1183,0,373
12/13/2025 06:30:00,0,800,0,199
12/13/2025 07:00:00,0,1053,0,323
12/13/2025 07:30:00,0,1279,0,379
12/13/2025 08:00:00,0,1008,0,311
12/13/2025 08:30:00,0,1052,0,357
12/13/2025 09:00:00,0,1404,0,496
12/13/2025 09:30:00,0,1379,0,497
12/13/2025 10:00:00,0,1210,0,436
12/13/2025 10:30:00,0,1208,0,480
12/13/2025 11:00:00,0,1138,0,484
12/13/2025 11:30:00,0,917,0,469
12/13/2025 12:00:00,0,767,0,412
12/13/2025 12:30:00,0,883,0,470
12/13/2025 13:00:00,0,948,0,446
12/13/2025 13:30:00,0,537,0,238
12/13/2025 14:00:00,1,208,0,210
12/13/2025 14:30:00,0,775,0,411
12/13/2025 15:00:00,0,1201,0,451
12/13/2025 15:30:00,0,1289,0,472
12/13/2025 16:00:00,0,1268,0,452
12/13/2025 16:30:00,0,1261,0,435
12/13/2025 17:00:00,0,900,0,300
12/13/2025 17:30:00,0,708,0,214
12/13/2025 18:00:00,0,892,0,292
12/13/2025 18:30:00,0,931,0,275
12/13/2025 19:00:00,0,848,0,248
12/13/2025 19:30:00,0,888,0,276
12/13/2025 20:00:00,0,808,0,219
12/13/2025 20:30:00,0,992,0,302
12/13/2025 21:00:00,0,1207,0,382
12/13/2025 21:30:00,0,1308,0,425
12/13/2025 22:00:00,0,1305,0,438
12/13/2025 22:30:00,0,1291,0,425
12/13/2025 23:00:00,0,1388,0,473
12/13/2025 23:30:00,0,1364,0,436
12/14/2025 00:00:00,0,1271,0,416
12/14/2025 00:30:00,0,963,0,295
12/14/2025 01:00:00,0,907,0,273
12/14/2025 01:30:00,0,1110,0,367
12/14/2025 02:00:00,0,1226,0,373
12/14/2025 02:30:00,0,1312,0,437
12/14/2025 03:00:00,0,1279,0,414
12/14/2025 03:30:00,0,1250,0,401
12/14/2025 04:00:00,0,1312,0,434
12/14/2025 04:30:00,0,1261,0,392
12/14/2025 05:00:00,0,1055,0,312
12/14/2025 05:30:00,0,952,0,270
12/14/2025 06:00:00,0,1004,0,280
12/14/2025 06:30:00,0,686,0,150
12/14/2025 07:00:00,0,905,0,252
12/14/2025 07:30:00,0,923,0,276
12/14/2025 08:00:00,0,718,0,201
12/14/2025 08:30:00,0,684,0,226
12/14/2025 09:00:00,0,835,0,286
12/14/2025 09:30:00,0,901,0,355
12/14/2025 10:00:00,0,962,0,390
12/14/2025 10:30:00,0,974,0,423
12/14/2025 11:00:00,0,948,0,411
12/14/2025 11:30:00,0,1168,0,475
12/14/2025 12:00:00,0,1108,0,470
12/14/2025 12:30:00,0,1032,0,460
12/14/2025 13:00:00,0,855,0,407
12/14/2025 13:30:00,0,369,0,183
12/14/2025 14:00:00,0,340,0,192
12/14/2025 14:30:00,0,1212,0,437
12/14/2025 15:00:00,0,1410,0,476
12/14/2025 15:30:00,0,1415,0,475
12/14/2025 16:00:00,0,1285,0,450
12/14/2025 16:30:00,0,1213,0,456
12/14/2025 17:00:00,0,1277,0,480
12/14/2025 17:30:00,0,1004,0,326
12/14/2025 18:00:00,0,1162,0,396
12/14/2025 18:30:00,0,902,0,268
12/14/2025 19:00:00,0,916,0,279
12/14/2025 19:30:00,0,923,0,278
12/14/2025 20:00:00,0,721,0,193
12/14/2025 20:30:00,0,639,0,156
12/14/2025 21:00:00,0,910,0,261
12/14/2025 21:30:00,0,955,0,288
12/14/2025 22:00:00,0,925,0,269
12/14/2025 22:30:00,0,901,0,252
12/14/2025 23:00:00,0,913,0,274
12/14/2025 23:30:00,0,868,0,275
12/15/2025 00:00:00,0,806,0,225
12/15/2025 00:30:00,0,572,0,155
12/15/2025 01:00:00,0,565,0,154
12/15/2025 01:30:00,0,799,0,235
12/15/2025 02:00:00,0,929,0,279
12/15/2025 02:30:00,0,924,0,252
12/15/2025 03:00:00,0,925,0,272
12/15/2025 03:30:00,0,1013,0,302
12/15/2025 04:00:00,0,833,0,252
12/15/2025 04:30:00,0,849,0,259
12/15/2025 05:00:00,0,844,0,248
12/15/2025 05:30:00,0,899,0,268
12/15/2025 06:00:00,0,793,0,214
12/15/2025 06:30:00,0,577,0,137
12/15/2025 07:00:00,0,805,0,228
12/15/2025 07:30:00,0,848,0,244
12/15/2025 08:00:00,0,782,0,232
12/15/2025 08:30:00,0,951,0,312
12/15/2025 09:00:00,0,1160,0,416
12/15/2025 09:30:00,0,1314,0,448
12/15/2025 10:00:00,0,1289,0,450
12/15/2025 10:30:00,0,1330,0,416
12/15/2025 11:00:00,0,1405,0,424
12/15/2025 11:30:00,0,1408,0,421
12/15/2025 12:00:00,0,1297,0,420
12/15/2025 12:30:00,0,1155,0,400
12/15/2025 13:00:00,0,951,0,303
12/15/2025 13:30:00,0,579,0,183
12/15/2025 14:00:00,0,611,0,214
12/15/2025 14:30:00,0,1120,0,397
12/15/2025 15:00:00,0,1171,0,433
12/15/2025 15:30:00,0,1176,0,428
12/15/2025 16:00:00,0,1317,0,456
12/15/2025 16:30:00,0,1253,0,419
12/15/2025 17:00:00,0,1365,0,439
12/15/2025 17:30:00,0,861,0,235
12/15/2025 18:00:00,0,1287,0,429
12/15/2025 18:30:00,0,1328,0,439
12/15/2025 19:00:00,0,1410,0,463
12/15/2025 19:30:00,0,1352,0,418
12/15/2025 20:00:00,0,1189,0,361
12/15/2025 20:30:00,0,1035,0,296
12/15/2025 21:00:00,0,1147,0,351
12/15/2025 21:30:00,0,1301,0,422
12/15/2025 22:00:00,0,1294,0,406
12/15/2025 22:30:00,0,1383,0,415
12/15/2025 23:00:00,0,1427,0,441
12/15/2025 23:30:00,0,1455,0,441
12/16/2025 00:00:00,0,1346,0,417
12/16/2025 00:30:00,0,975,0,267
12/16/2025 01:00:00,0,859,0,229
12/16/2025 01:30:00,0,1022,0,285
12/16/2025 02:00:00,0,1280,0,400
12/16/2025 02:30:00,0,1314,0,430
12/16/2025 03:00:00,0,1383,0,426
12/16/2025 03:30:00,0,1420,0,413
12/16/2025 04:00:00,0,1376,0,391
12/16/2025 04:30:00,0,1382,0,407
12/16/2025 05:00:00,0,1430,0,432
12/16/2025 05:30:00,0,1278,0,386
12/16/2025 06:00:00,0,1314,0,404
12/16/2025 06:30:00,0,849,0,193
12/16/2025 07:00:00,0,1176,0,356
12/16/2025 07:30:00,0,1278,0,404
12/16/2025 08:00:00,0,1185,0,351
12/16/2025 08:30:00,0,1058,0,302
12/16/2025 09:00:00,0,1433,0,485
12/16/2025 09:30:00,0,1394,0,450
12/16/2025 10:00:00,0,1451,0,464
12/16/2025 10:30:00,0,1445,0,470
12/16/2025 11:00:00,0,1291,0,472
12/16/2025 11:30:00,0,1257,0,472
12/16/2025 12:00:00,0,1136,0,426
12/16/2025 12:30:00,0,1072,0,426
12/16/2025 13:00:00,0,943,0,342
12/16/2025 13:30:00,0,626,0,197
12/16/2025 14:00:00,0,612,0,238
12/16/2025 14:30:00,0,1120,0,429
12/16/2025 15:00:00,0,1167,0,412
12/16/2025 15:30:00,0,1156,0,432
12/16/2025 16:00:00,0,1188,0,411
12/16/2025 16:30:00,0,1190,0,434
12/16/2025 17:00:00,0,1173,0,421
12/16/2025 17:30:00,0,912,0,274
12/16/2025 18:00:00,0,1317,0,448
12/16/2025 18:30:00,0,1447,0,491
12/16/2025 19:00:00,0,1436,0,445
12/16/2025 19:30:00,0,1332,0,424
12/16/2025 20:00:00,0,1116,0,294
12/16/2025 20:30:00,0,1075,0,304
12/16/2025 21:00:00,0,1233,0,388
12/16/2025 21:30:00,0,1253,0,368
12/16/2025 22:00:00,0,1367,0,424
12/16/2025 22:30:00,0,1324,0,372
12/16/2025 23:00:00,0,1436,0,449
12/16/2025 23:30:00,0,1379,0,434
12/17/2025 00:00:00,0,1311,0,376
12/17/2025 00:30:00,0,1016,0,262
12/17/2025 01:00:00,0,860,0,194
12/17/2025 01:30:00,0,953,0,272
12/17/2025 02:00:00,0,1180,0,328
12/17/2025 02:30:00,0,1351,0,392
12/17/2025 03:00:00,0,1381,0,392
12/17/2025 03:30:00,0,1352,0,388
12/17/2025 04:00:00,0,1356,0,401
12/17/2025 04:30:00,0,1438,0,436
12/17/2025 05:00:00,0,1352,0,382
12/17/2025 05:30:00,0,1355,0,396
12/17/2025 06:00:00,0,1173,0,306
12/17/2025 06:30:00,0,826,0,175
12/17/2025 07:00:00,0,1206,0,356
12/17/2025 07:30:00,0,1220,0,368
12/17/2025 08:00:00,0,993,0,263
12/17/2025 08:30:00,0,1029,0,283
12/17/2025 09:00:00,0,1288,0,402
12/17/2025 09:30:00,0,1288,0,424
12/17/2025 10:00:00,0,1338,0,438
12/17/2025 10:30:00,0,1324,0,431
12/17/2025 11:00:00,0,1289,0,430
12/17/2025 11:30:00,0,1364,0,461
12/17/2025 12:00:00,0,1281,0,440
12/17/2025 12:30:00,0,1250,0,431
12/17/2025 13:00:00,0,1035,0,369
12/17/2025 13:30:00,0,678,0,200
12/17/2025 14:00:00,0,842,0,254
12/17/2025 14:30:00,0,1214,0,411
12/17/2025 15:00:00,0,1286,0,474
12/17/2025 15:30:00,0,1189,0,445
12/17/2025 16:00:00,0,1318,0,456
12/17/2025 16:30:00,0,1369,0,464
12/17/2025 17:00:00,0,1406,0,438
12/17/2025 17:30:00,0,973,0,268
12/17/2025 18:00:00,0,1348,0,452
12/17/2025 18:30:00,0,1475,0,485
12/17/2025 19:00:00,0,1407,0,455
12/17/2025 19:30:00,0,1459,0,459
12/17/2025 20:00:00,0,1177,0,316
12/17/2025 20:30:00,0,1021,0,285
12/17/2025 21:00:00,0,1319,0,413
12/17/2025 21:30:00,0,1444,0,461
12/17/2025 22:00:00,0,1386,0,443
12/17/2025 22:30:00,0,1383,0,416
12/17/2025 23:00:00,0,1452,0,458
12/17/2025 23:30:00,0,1396,0,426
12/18/2025 00:00:00,0,1325,0,398
12/18/2025 00:30:00,0,1013,0,239
12/18/2025 01:00:00,0,882,0,198
12/18/2025 01:30:00,0,1118,0,312
12/18/2025 02:00:00,0,1189,0,367
12/18/2025 02:30:00,0,1503,0,459
12/18/2025 03:00:00,0,1403,0,449
12/18/2025 03:30:00,0,1437,0,441
12/18/2025 04:00:00,0,1348,0,407
12/18/2025 04:30:00,0,1372,0,434
12/18/2025 05:00:00,0,1341,0,392
12/18/2025 05:30:00,0,1381,0,418
12/18/2025 06:00:00,0,1306,0,389
12/18/2025 06:30:00,0,876,0,190
12/18/2025 07:00:00,0,1164,0,337
12/18/2025 07:30:00,0,1244,0,378
12/18/2025 08:00:00,0,951,0,252
12/18/2025 08:30:00,0,1023,0,291
12/18/2025 09:00:00,0,1367,0,451
12/18/2025 09:30:00,0,1282,0,422
12/18/2025 10:00:00,0,1196,0,418
12/18/2025 10:30:00,0,1122,0,404
12/18/2025 11:00:00,0,1194,0,473
12/18/2025 11:30:00,0,1181,0,447
12/18/2025 12:00:00,0,1190,0,442
12/18/2025 12:30:00,0,987,0,393
12/18/2025 13:00:00,0,915,0,328
12/18/2025 13:30:00,0,659,0,209
12/18/2025 14:00:00,0,686,0,250
12/18/2025 14:30:00,0,1159,0,434
12/18/2025 15:00:00,0,1198,0,438
12/18/2025 15:30:00,0,1208,0,459
12/18/2025 16:00:00,0,1343,0,464
12/18/2025 16:30:00,0,1394,0,472
12/18/2025 17:00:00,0,1421,0,473
12/18/2025 17:30:00,0,953,0,261
12/18/2025 18:00:00,0,1385,0,472
12/18/2025 18:30:00,0,1430,0,483
12/18/2025 19:00:00,0,1508,0,494
12/18/2025 19:30:00,0,1404,0,420
12/18/2025 20:00:00,0,1118,0,299
12/18/2025 20:30:00,0,1101,0,311
12/18/2025 21:00:00,0,1255,0,373
12/18/2025 21:30:00,0,1349,0,408
12/18/2025 22:00:00,0,1488,0,465
12/18/2025 22:30:00,0,1325,0,417
12/18/2025 23:00:00,0,1457,0,451
12/18/2025 23:30:00,0,1369,0,411
12/19/2025 00:00:00,0,1326,0,395
12/19/2025 00:30:00,0,1063,0,270
12/19/2025 01:00:00,0,928,0,203
12/19/2025 01:30:00,0,1130,0,339
12/19/2025 02:00:00,0,1198,0,365
12/19/2025 02:30:00,0,1325,0,399
12/19/2025 03:00:00,0,1325,0,388
12/19/2025 03:30:00,0,1404,0,442
12/19/2025 04:00:00,0,1302,0,390
12/19/2025 04:30:00,0,1360,0,422
12/19/2025 05:00:00,0,1314,0,414
12/19/2025 05:30:00,0,1409,0,399
12/19/2025 06:00:00,0,1294,0,385
12/19/2025 06:30:00,0,892,0,208
12/19/2025 07:00:00,0,1218,0,362
12/19/2025 07:30:00,0,1284,0,383
12/19/2025 08:00:00,0,1055,0,295
12/19/2025 08:30:00,0,970,0,308
12/19/2025 09:00:00,0,1326,0,420
12/19/2025 09:30:00,0,1311,0,414
12/19/2025 10:00:00,0,1338,0,443
12/19/2025 10:30:00,0,1376,0,461
12/19/2025 11:00:00,0,1222,0,453
12/19/2025 11:30:00,0,1071,0,455
12/19/2025 12:00:00,0,1285,0,471
12/19/2025 12:30:00,0,958,0,425
12/19/2025 13:00:00,0,660,0,342
12/19/2025 13:30:00,0,354,0,237
12/19/2025 14:00:00,0,485,0,235
12/19/2025 14:30:00,0,737,0,372
12/19/2025 15:00:00,0,1142,0,462
12/19/2025 15:30:00,0,1021,0,402
12/19/2025 16:00:00,0,1131,0,410
12/19/2025 16:30:00,0,1214,0,432
12/19/2025 17:00:00,0,1176,0,425
12/19/2025 17:30:00,0,852,0,235
12/19/2025 18:00:00,0,1287,0,427
12/19/2025 18:30:00,0,1281,0,433
12/19/2025 19:00:00,0,1305,0,427
12/19/2025 19:30:00,0,1368,0,418
12/19/2025 20:00:00,0,1182,0,355
12/19/2025 20:30:00,0,1039,0,284
12/19/2025 21:00:00,0,1284,0,399
12/19/2025 21:30:00,0,1264,0,392
12/19/2025 22:00:00,0,1309,0,405
12/19/2025 22:30:00,0,1322,0,418
12/19/2025 23:00:00,0,1282,0,373
12/19/2025 23:30:00,0,1318,0,408
12/20/2025 00:00:00,0,1301,0,399
12/20/2025 00:30:00,0,1005,0,268
12/20/2025 01:00:00,0,844,0,194
12/20/2025 01:30:00,0,1111,0,318
12/20/2025 02:00:00,0,1215,0,352
12/20/2025 02:30:00,0,1388,0,442
12/20/2025 03:00:00,0,1402,0,440
12/20/2025 03:30:00,0,1361,0,443
12/20/2025 04:00:00,0,1246,0,386
12/20/2025 04:30:00,0,1308,0,413
12/20/2025 05:00:00,0,1294,0,405
12/20/2025 05:30:00,0,1269,0,384
12/20/2025 06:00:00,0,1175,0,330
12/20/2025 06:30:00,0,816,0,191
12/20/2025 07:00:00,0,1153,0,327
12/20/2025 07:30:00,0,1256,0,370
12/20/2025 08:00:00,0,882,0,225
12/20/2025 08:30:00,0,923,0,259
12/20/2025 09:00:00,0,1136,0,404
12/20/2025 09:30:00,0,1027,0,405
12/20/2025 10:00:00,0,1146,0,458
12/20/2025 10:30:00,0,1038,0,441
12/20/2025 11:00:00,0,841,0,392
12/20/2025 11:30:00,0,1248,0,461
12/20/2025 12:00:00,0,1227,0,490
12/20/2025 12:30:00,0,1090,0,469
12/20/2025 13:00:00,0,928,0,466
12/20/2025 13:30:00,0,474,0,198
12/20/2025 14:00:00,0,570,0,176
12/20/2025 14:30:00,0,968,0,360
12/20/2025 15:00:00,0,1149,0,408
12/20/2025 15:30:00,0,1061,0,465
12/20/2025 16:00:00,0,1046,0,451
12/20/2025 16:30:00,0,855,0,350
12/20/2025 17:00:00,0,620,0,243
12/20/2025 17:30:00,0,457,0,118
12/20/2025 18:00:00,0,925,0,237
12/20/2025 18:30:00,0,906,0,254
12/20/2025 19:00:00,0,873,0,254
12/20/2025 19:30:00,0,824,0,211
12/20/2025 20:00:00,0,726,0,170
12/20/2025 20:30:00,0,880,0,247
12/20/2025 21:00:00,0,1087,0,342
12/20/2025 21:30:00,0,1206,0,369
12/20/2025 22:00:00,0,1202,0,353
12/20/2025 22:30:00,0,1202,0,360
12/20/2025 23:00:00,0,1289,0,392
12/20/2025 23:30:00,0,1221,0,359
12/21/2025 00:00:00,0,1313,0,408
12/21/2025 00:30:00,0,966,0,253
12/21/2025 01:00:00,0,927,0,230
12/21/2025 01:30:00,0,916,0,248
12/21/2025 02:00:00,0,1022,0,307
12/21/2025 02:30:00,0,1210,0,396
12/21/2025 03:00:00,0,1205,0,366
12/21/2025 03:30:00,0,1176,0,373
12/21/2025 04:00:00,0,1156,0,349
12/21/2025 04:30:00,0,1049,0,299
12/21/2025 05:00:00,0,858,0,221
12/21/2025 05:30:00,0,777,0,197
12/21/2025 06:00:00,0,747,0,203
12/21/2025 06:30:00,0,637,0,123
12/21/2025 07:00:00,0,747,0,187
12/21/2025 07:30:00,0,752,0,188
12/21/2025 08:00:00,0,643,0,143
12/21/2025 08:30:00,0,576,0,172
12/21/2025 09:00:00,0,655,0,216
12/21/2025 09:30:00,0,883,0,326
12/21/2025 10:00:00,0,932,0,377
12/21/2025 10:30:00,0,785,0,392
12/21/2025 11:00:00,0,744,0,358
12/21/2025 11:30:00,0,717,0,379
12/21/2025 12:00:00,0,688,0,349
12/21/2025 12:30:00,0,761,0,365
12/21/2025 13:00:00,0,782,0,360
12/21/2025 13:30:00,1,302,0,164
12/21/2025 14:00:00,0,210,0,166
12/21/2025 14:30:00,0,710,0,343
12/21/2025 15:00:00,0,900,0,387
12/21/2025 15:30:00,0,860,0,390
12/21/2025 16:00:00,0,981,0,401
12/21/2025 16:30:00,0,1014,0,392
12/21/2025 17:00:00,0,1071,0,367
12/21/2025 17:30:00,0,903,0,263
12/21/2025 18:00:00,0,1024,0,293
12/21/2025 18:30:00,0,789,0,201
12/21/2025 19:00:00,0,857,0,259
12/21/2025 19:30:00,0,829,0,205
12/21/2025 20:00:00,0,774,0,171
12/21/2025 20:30:00,0,762,0,174
12/21/2025 21:00:00,0,879,0,223
12/21/2025 21:30:00,0,1109,0,340
12/21/2025 22:00:00,0,1226,0,367
12/21/2025 22:30:00,0,1188,0,368
12/21/2025 23:00:00,0,1333,0,418
12/21/2025 23:30:00,0,1337,0,438
12/22/2025 00:00:00,0,1358,0,426
12/22/2025 00:30:00,0,1012,0,263
12/22/2025 01:00:00,0,935,0,266
12/22/2025 01:30:00,0,1054,0,296
12/22/2025 02:00:00,0,1075,0,318
12/22/2025 02:30:00,0,1273,0,420
12/22/2025 03:00:00,0,1313,0,444
12/22/2025 03:30:00,0,1310,0,428
12/22/2025 04:00:00,0,1274,0,403
12/22/2025 04:30:00,0,1272,0,382
12/22/2025 05:00:00,0,1333,0,438
12/22/2025 05:30:00,0,1253,0,410
12/22/2025 06:00:00,0,1017,0,283
12/22/2025 06:30:00,0,667,0,170
12/22/2025 07:00:00,0,882,0,262
12/22/2025 07:30:00,0,824,0,243
12/22/2025 08:00:00,0,650,0,202
12/22/2025 08:30:00,0,871,0,317
12/22/2025 09:00:00,0,1062,0,406
12/22/2025 09:30:00,0,1072,0,426
12/22/2025 10:00:00,0,1013,0,453
12/22/2025 10:30:00,0,950,0,430
12/22/2025 11:00:00,0,864,0,433
12/22/2025 11:30:00,0,785,0,408
12/22/2025 12:00:00,0,806,0,418
12/22/2025 12:30:00,0,766,0,408
12/22/2025 13:00:00,0,713,0,352
12/22/2025 13:30:00,0,618,0,258
12/22/2025 14:00:00,0,496,0,266
12/22/2025 14:30:00,0,1020,0,435
12/22/2025 15:00:00,0,1048,0,459
12/22/2025 15:30:00,0,1360,0,488
12/22/2025 16:00:00,0,1201,0,474
12/22/2025 16:30:00,0,1382,0,443
12/22/2025 17:00:00,0,1383,0,459
12/22/2025 17:30:00,0,957,0,310
12/22/2025 18:00:00,0,1374,0,485
12/22/2025 18:30:00,0,1391,0,499
12/22/2025 19:00:00,0,1355,0,452
12/22/2025 19:30:00,0,1327,0,433
12/22/2025 20:00:00,0,1165,0,356
12/22/2025 20:30:00,0,1130,0,368
12/22/2025 21:00:00,0,1329,0,454
12/22/2025 21:30:00,0,1456,0,481
12/22/2025 22:00:00,0,1412,0,468
12/22/2025 22:30:00,0,1434,0,460
12/22/2025 23:00:00,0,1498,0,491
12/22/2025 23:30:00,0,1471,0,492
12/23/2025 00:00:00,0,1421,0,449
12/23/2025 00:30:00,0,1051,0,297
12/23/2025 01:00:00,0,857,0,233
12/23/2025 01:30:00,0,1107,0,354
12/23/2025 02:00:00,0,1176,0,369
12/23/2025 02:30:00,0,1428,0,459
12/23/2025 03:00:00,0,1361,0,449
12/23/2025 03:30:00,0,1349,0,452
12/23/2025 04:00:00,0,1373,0,452
12/23/2025 04:30:00,0,1454,0,489
12/23/2025 05:00:00,0,1406,0,471
12/23/2025 05:30:00,0,1350,0,452
12/23/2025 06:00:00,0,1231,0,372
12/23/2025 06:30:00,0,826,0,223
12/23/2025 07:00:00,0,1147,0,362
12/23/2025 07:30:00,0,1262,0,401
12/23/2025 08:00:00,0,934,0,300
12/23/2025 08:30:00,0,912,0,343
12/23/2025 09:00:00,0,1293,0,479
12/23/2025 09:30:00,0,1333,0,480
12/23/2025 10:00:00,0,1228,0,477
12/23/2025 10:30:00,0,1109,0,456
12/23/2025 11:00:00,0,1393,0,528
12/23/2025 11:30:00,0,1210,0,500
12/23/2025 12:00:00,0,1221,0,491
12/23/2025 12:30:00,0,835,0,391
12/23/2025 13:00:00,0,602,0,345
12/23/2025 13:30:00,0,440,0,257
12/23/2025 14:00:00,0,750,0,294
12/23/2025 14:30:00,0,826,0,433
12/23/2025 15:00:00,0,1033,0,499
12/23/2025 15:30:00,0,1327,0,468
12/23/2025 16:00:00,0,1443,0,515
12/23/2025 16:30:00,0,1535,0,556
12/23/2025 17:00:00,0,1504,0,533
12/23/2025 17:30:00,0,1038,0,305
12/23/2025 18:00:00,0,1394,0,491
12/23/2025 18:30:00,0,1405,0,479
12/23/2025 19:00:00,0,1511,0,501
12/23/2025 19:30:00,0,1453,0,478
12/23/2025 20:00:00,0,1176,0,349
12/23/2025 20:30:00,0,1072,0,331
12/23/2025 21:00:00,0,1183,0,393
12/23/2025 21:30:00,0,1296,0,414
12/23/2025 22:00:00,0,1380,0,442
12/23/2025 22:30:00,0,1395,0,431
12/23/2025 23:00:00,0,1327,0,395
12/23/2025 23:30:00,0,1344,0,431
12/24/2025 00:00:00,0,1231,0,382
12/24/2025 00:30:00,0,919,0,253
12/24/2025 01:00:00,0,808,0,218
12/24/2025 01:30:00,0,1043,0,288
12/24/2025 02:00:00,0,1213,0,360
12/24/2025 02:30:00,0,1399,0,431
12/24/2025 03:00:00,0,1276,0,405
12/24/2025 03:30:00,0,1238,0,394
12/24/2025 04:00:00,0,1289,0,424
12/24/2025 04:30:00,0,1276,0,406
12/24/2025 05:00:00,0,1137,0,351
12/24/2025 05:30:00,0,1216,0,368
12/24/2025 06:00:00,0,1206,0,333
12/24/2025 06:30:00,0,795,0,212
12/24/2025 07:00:00,0,1158,0,374
12/24/2025 07:30:00,0,1103,0,353
12/24/2025 08:00:00,0,871,0,279
12/24/2025 08:30:00,0,912,0,312
12/24/2025 09:00:00,0,1069,0,398
12/24/2025 09:30:00,0,985,0,398
12/24/2025 10:00:00,0,1042,0,448
12/24/2025 10:30:00,0,1020,0,457
12/24/2025 11:00:00,0,1062,0,486
12/24/2025 11:30:00,0,1094,0,481
12/24/2025 12:00:00,0,1023,0,477
12/24/2025 12:30:00,0,777,0,404
12/24/2025 13:00:00,0,737,0,367
12/24/2025 13:30:00,0,549,0,243
12/24/2025 14:00:00,0,562,0,304
12/24/2025 14:30:00,0,1318,0,481
12/24/2025 15:00:00,0,1324,0,494
12/24/2025 15:30:00,0,1290,0,518
12/24/2025 16:00:00,0,1323,0,484
12/24/2025 16:30:00,0,1405,0,527
12/24/2025 17:00:00,0,1297,0,484
12/24/2025 17:30:00,0,1006,0,352
12/24/2025 18:00:00,0,1376,0,486
12/24/2025 18:30:00,0,1497,0,511
12/24/2025 19:00:00,0,1432,0,468
12/24/2025 19:30:00,0,1368,0,447
12/24/2025 20:00:00,0,1178,0,373
12/24/2025 20:30:00,0,1061,0,318
12/24/2025 21:00:00,0,1176,0,367
12/24/2025 21:30:00,0,1296,0,430
12/24/2025 22:00:00,0,1259,0,398
12/24/2025 22:30:00,0,1306,0,391
12/24/2025 23:00:00,0,1341,0,432
12/24/2025 23:30:00,0,1268,0,383
12/25/2025 00:00:00,0,1251,0,384
12/25/2025 00:30:00,0,963,0,260
12/25/2025 01:00:00,0,838,0,218
12/25/2025 01:30:00,0,1016,0,322
12/25/2025 02:00:00,0,1134,0,354
12/25/2025 02:30:00,0,1216,0,370
12/25/2025 03:00:00,0,1233,0,405
12/25/2025 03:30:00,0,1282,0,409
12/25/2025 04:00:00,0,1240,0,419
12/25/2025 04:30:00,0,1175,0,378
12/25/2025 05:00:00,0,1217,0,370
12/25/2025 05:30:00,0,1165,0,383
12/25/2025 06:00:00,0,1121,0,334
12/25/2025 06:30:00,0,819,0,229
12/25/2025 07:00:00,0,1097,0,363
12/25/2025 07:30:00,0,1160,0,359
12/25/2025 08:00:00,0,885,0,247
12/25/2025 08:30:00,0,605,0,186
12/25/2025 09:00:00,0,574,0,194
12/25/2025 09:30:00,0,851,0,327
12/25/2025 10:00:00,0,973,0,421
12/25/2025 10:30:00,0,791,0,391
12/25/2025 11:00:00,0,1036,0,468
12/25/2025 11:30:00,0,971,0,437
12/25/2025 12:00:00,0,908,0,400
12/25/2025 12:30:00,0,927,0,441
12/25/2025 13:00:00,0,828,0,361
12/25/2025 13:30:00,0,330,0,166
12/25/2025 14:00:00,0,421,0,156
12/25/2025 14:30:00,0,921,0,368
12/25/2025 15:00:00,0,1047,0,423
12/25/2025 15:30:00,0,986,0,387
12/25/2025 16:00:00,0,1139,0,422
12/25/2025 16:30:00,0,1155,0,376
12/25/2025 17:00:00,0,1092,0,331
12/25/2025 17:30:00,0,941,0,290
12/25/2025 18:00:00,0,798,0,225
12/25/2025 18:30:00,0,573,0,145
12/25/2025 19:00:00,0,568,0,144
12/25/2025 19:30:00,0,569,0,135
12/25/2025 20:00:00,0,583,0,140
12/25/2025 20:30:00,0,680,0,171
12/25/2025 21:00:00,0,741,0,214
12/25/2025 21:30:00,0,1025,0,337
12/25/2025 22:00:00,0,1255,0,407
12/25/2025 22:30:00,0,1296,0,422
12/25/2025 23:00:00,0,1351,0,436
12/25/2025 23:30:00,0,1365,0,418
12/26/2025 00:00:00,0,1199,0,367
12/26/2025 00:30:00,0,974,0,281
12/26/2025 01:00:00,0,905,0,254
12/26/2025 01:30:00,0,1056,0,309
12/26/2025 02:00:00,0,1009,0,293
12/26/2025 02:30:00,0,1213,0,383
12/26/2025 03:00:00,0,1258,0,403
12/26/2025 03:30:00,0,1211,0,402
12/26/2025 04:00:00,0,1333,0,456
12/26/2025 04:30:00,0,1190,0,395
12/26/2025 05:00:00,0,1017,0,305
12/26/2025 05:30:00,0,851,0,244
12/26/2025 06:00:00,0,644,0,158
12/26/2025 06:30:00,0,553,0,137
12/26/2025 07:00:00,0,543,0,105
12/26/2025 07:30:00,0,546,0,121
12/26/2025 08:00:00,0,557,0,146
12/26/2025 08:30:00,0,924,0,319
12/26/2025 09:00:00,0,1310,0,460
12/26/2025 09:30:00,0,1116,0,418
12/26/2025 10:00:00,0,1034,0,413
12/26/2025 10:30:00,0,1101,0,450
12/26/2025 11:00:00,0,1031,0,477
12/26/2025 11:30:00,0,1030,0,479
12/26/2025 12:00:00,0,954,0,423
12/26/2025 12:30:00,0,928,0,435
12/26/2025 13:00:00,0,693,0,355
12/26/2025 13:30:00,0,304,0,225
12/26/2025 14:00:00,0,479,0,267
12/26/2025 14:30:00,0,875,0,383
12/26/2025 15:00:00,0,1215,0,506
12/26/2025 15:30:00,0,1032,0,459
12/26/2025 16:00:00,0,1316,0,493
12/26/2025 16:30:00,0,1261,0,488
12/26/2025 17:00:00,0,1393,0,461
12/26/2025 17:30:00,0,1002,0,303
12/26/2025 18:00:00,0,1410,0,502
12/26/2025 18:30:00,0,1421,0,473
12/26/2025 19:00:00,0,1450,0,494
12/26/2025 19:30:00,0,1402,0,493
12/26/2025 20:00:00,0,1073,0,320
12/26/2025 20:30:00,0,1018,0,310
12/26/2025 21:00:00,0,1105,0,353
12/26/2025 21:30:00,0,1254,0,418
12/26/2025 22:00:00,0,1257,0,387
12/26/2025 22:30:00,0,1334,0,447
12/26/2025 23:00:00,0,1311,0,406
12/26/2025 23:30:00,0,1314,0,453
12/27/2025 00:00:00,0,1284,0,399
12/27/2025 00:30:00,0,937,0,271
12/27/2025 01:00:00,0,789,0,217
12/27/2025 01:30:00,0,911,0,281
12/27/2025 02:00:00,0,1036,0,319
12/27/2025 02:30:00,0,1120,0,342
12/27/2025 03:00:00,0,1240,0,409
12/27/2025 03:30:00,0,1184,0,373
12/27/2025 04:00:00,0,1128,0,345
12/27/2025 04:30:00,0,1199,0,369
12/27/2025 05:00:00,0,1182,0,351
12/27/2025 05:30:00,0,1155,0,348
12/27/2025 06:00:00,0,1178,0,361
12/27/2025 06:30:00,0,812,0,238
12/27/2025 07:00:00,0,1183,0,361
12/27/2025 07:30:00,0,1100,0,329
12/27/2025 08:00:00,0,840,0,249
12/27/2025 08:30:00,0,988,0,327
12/27/2025 09:00:00,0,1232,0,407
12/27/2025 09:30:00,0,1217,0,427
12/27/2025 10:00:00,0,1263,0,464
12/27/2025 10:30:00,0,1233,0,474
12/27/2025 11:00:00,0,1174,0,462
12/27/2025 11:30:00,0,1157,0,451
12/27/2025 12:00:00,0,1067,0,450
12/27/2025 12:30:00,0,1005,0,456
12/27/2025 13:00:00,0,901,0,405
12/27/2025 13:30:00,0,408,0,210
12/27/2025 14:00:00,0,367,0,177
12/27/2025 14:30:00,0,1102,0,405
12/27/2025 15:00:00,0,1162,0,452
12/27/2025 15:30:00,0,1114,0,431
12/27/2025 16:00:00,0,961,0,388
12/27/2025 16:30:00,0,1049,0,388
12/27/2025 17:00:00,0,827,0,280
12/27/2025 17:30:00,0,643,0,186
12/27/2025 18:00:00,0,888,0,266
12/27/2025 18:30:00,0,978,0,298
12/27/2025 19:00:00,0,937,0,279
12/27/2025 19:30:00,0,886,0,262
12/27/2025 20:00:00,0,762,0,214
12/27/2025 20:30:00,0,810,0,247
12/27/2025 21:00:00,0,1203,0,375
12/27/2025 21:30:00,0,1326,0,434
12/27/2025 22:00:00,0,1335,0,419
12/27/2025 22:30:00,0,1305,0,428
12/27/2025 23:00:00,0,1263,0,392
12/27/2025 23:30:00,0,1232,0,394
12/28/2025 00:00:00,0,1251,0,394
12/28/2025 00:30:00,0,953,0,274
12/28/2025 01:00:00,0,897,0,245
12/28/2025 01:30:00,0,1051,0,322
12/28/2025 02:00:00,0,1144,0,338
12/28/2025 02:30:00,0,1334,0,439
12/28/2025 03:00:00,0,1319,0,415
12/28/2025 03:30:00,0,1232,0,375
12/28/2025 04:00:00,0,1300,0,413
12/28/2025 04:30:00,0,1145,0,361
12/28/2025 05:00:00,0,1064,0,296
12/28/2025 05:30:00,0,981,0,295
12/28/2025 06:00:00,0,932,0,272
12/28/2025 06:30:00,0,729,0,200
12/28/2025 07:00:00,0,933,0,296
12/28/2025 07:30:00,0,919,0,278
12/28/2025 08:00:00,0,742,0,200
12/28/2025 08:30:00,0,672,0,184
12/28/2025 09:00:00,0,813,0,240
12/28/2025 09:30:00,0,969,0,322
12/28/2025 10:00:00,0,1081,0,365
12/28/2025 10:30:00,0,1157,0,421
12/28/2025 11:00:00,0,1120,0,415
12/28/2025 11:30:00,0,1010,0,389
12/28/2025 12:00:00,0,1077,0,411
12/28/2025 12:30:00,0,1090,0,409
12/28/2025 13:00:00,0,967,0,359
12/28/2025 13:30:00,0,481,0,161
12/28/2025 14:00:00,0,428,0,165
12/28/2025 14:30:00,0,996,0,368
12/28/2025 15:00:00,0,1052,0,398
12/28/2025 15:30:00,0,1030,0,390
12/28/2025 16:00:00,0,1080,0,395
12/28/2025 16:30:00,0,1064,0,392
12/28/2025 17:00:00,0,1031,0,383
12/28/2025 17:30:00,0,903,0,309
12/28/2025 18:00:00,0,950,0,316
12/28/2025 18:30:00,0,756,0,226
12/28/2025 19:00:00,0,811,0,257
12/28/2025 19:30:00,0,858,0,253
12/28/2025 20:00:00,0,671,0,173
12/28/2025 20:30:00,0,672,0,161
12/28/2025 21:00:00,0,828,0,224
12/28/2025 21:30:00,0,934,0,246
12/28/2025 22:00:00,0,899,0,251
12/28/2025 22:30:00,0,938,0,287
12/28/2025 23:00:00,0,906,0,247
12/28/2025 23:30:00,0,900,0,244
12/29/2025 00:00:00,0,829,0,204
12/29/2025 00:30:00,0,638,0,132
12/29/2025 01:00:00,0,583,0,118
12/29/2025 01:30:00,0,821,0,225
12/29/2025 02:00:00,0,883,0,246
12/29/2025 02:30:00,0,861,0,242
12/29/2025 03:00:00,0,949,0,285
12/29/2025 03:30:00,0,865,0,251
12/29/2025 04:00:00,0,851,0,246
12/29/2025 04:30:00,0,822,0,216
12/29/2025 05:00:00,0,834,0,252
12/29/2025 05:30:00,0,873,0,241
12/29/2025 06:00:00,0,892,0,241
12/29/2025 06:30:00,0,681,0,176
12/29/2025 07:00:00,0,855,0,242
12/29/2025 07:30:00,0,943,0,268
12/29/2025 08:00:00,0,693,0,207
12/29/2025 08:30:00,0,931,0,326
12/29/2025 09:00:00,0,1191,0,437
12/29/2025 09:30:00,0,1137,0,419
12/29/2025 10:00:00,0,1229,0,453
12/29/2025 10:30:00,0,1132,0,479
12/29/2025 11:00:00,0,1108,0,478
12/29/2025 11:30:00,0,1010,0,446
12/29/2025 12:00:00,0,956,0,441
12/29/2025 12:30:00,0,881,0,433
12/29/2025 13:00:00,0,748,0,333
12/29/2025 13:30:00,0,550,0,236
12/29/2025 14:00:00,0,356,0,257
12/29/2025 14:30:00,0,917,0,439
12/29/2025 15:00:00,0,1214,0,452
12/29/2025 15:30:00,0,1162,0,441
12/29/2025 16:00:00,0,1168,0,439
12/29/2025 16:30:00,0,1275,0,442
12/29/2025 17:00:00,0,1216,0,410
12/29/2025 17:30:00,0,756,0,274
12/29/2025 18:00:00,0,1206,0,431
12/29/2025 18:30:00,0,1196,0,406
12/29/2025 19:00:00,0,1338,0,457
12/29/2025 19:30:00,0,1354,0,423
12/29/2025 20:00:00,0,1083,0,350
12/29/2025 20:30:00,0,1052,0,311
12/29/2025 21:00:00,0,1242,0,403
12/29/2025 21:30:00,0,1328,0,413
12/29/2025 22:00:00,0,1334,0,435
12/29/2025 22:30:00,0,1352,0,446
12/29/2025 23:00:00,0,1334,0,418
12/29/2025 23:30:00,0,1212,0,357
12/30/2025 00:00:00,0,1206,0,382
12/30/2025 00:30:00,0,921,0,249
12/30/2025 01:00:00,0,812,0,204
12/30/2025 01:30:00,0,974,0,280
12/30/2025 02:00:00,0,1129,0,332
12/30/2025 02:30:00,0,1284,0,395
12/30/2025 03:00:00,0,1163,0,360
12/30/2025 03:30:00,0,1142,0,370
12/30/2025 04:00:00,0,1243,0,402
12/30/2025 04:30:00,0,1195,0,369
12/30/2025 05:00:00,0,1193,0,379
12/30/2025 05:30:00,0,1204,0,373
12/30/2025 06:00:00,0,1050,0,320
12/30/2025 06:30:00,0,866,0,241
12/30/2025 07:00:00,0,1025,0,317
12/30/2025 07:30:00,0,1234,0,407
12/30/2025 08:00:00,0,910,0,289
12/30/2025 08:30:00,0,884,0,302
12/30/2025 09:00:00,0,1056,0,371
12/30/2025 09:30:00,0,1036,0,406
12/30/2025 10:00:00,0,979,0,412
12/30/2025 10:30:00,0,943,0,415
12/30/2025 11:00:00,0,829,0,413
12/30/2025 11:30:00,0,838,0,413
12/30/2025 12:00:00,0,820,0,425
12/30/2025 12:30:00,0,750,0,367
12/30/2025 13:00:00,0,759,0,362
12/30/2025 13:30:00,0,314,0,268
12/30/2025 14:00:00,0,536,0,302
12/30/2025 14:30:00,0,820,0,413
12/30/2025 15:00:00,0,946,0,415
12/30/2025 15:30:00,0,1040,0,450
12/30/2025 16:00:00,0,1092,0,419
12/30/2025 16:30:00,0,1235,0,421
12/30/2025 17:00:00,0,1319,0,449
12/30/2025 17:30:00,0,926,0,292
12/30/2025 18:00:00,0,1348,0,468
12/30/2025 18:30:00,0,1425,0,487
12/30/2025 19:00:00,0,1347,0,458
12/30/2025 19:30:00,0,1366,0,432
12/30/2025 20:00:00,0,1083,0,337
12/30/2025 20:30:00,0,1003,0,319
12/30/2025 21:00:00,0,1274,0,400
12/30/2025 21:30:00,0,1359,0,444
12/30/2025 22:00:00,0,1372,0,435
12/30/2025 22:30:00,0,1335,0,424
12/30/2025 23:00:00,0,1309,0,407
12/30/2025 23:30:00,0,1172,0,337
12/31/2025 00:00:00,0,1253,0,391
12/31/2025 00:30:00,0,989,0,279
12/31/2025 01:00:00,0,789,0,200
12/31/2025 01:30:00,0,979,0,294
12/31/2025 02:00:00,0,1047,0,316
12/31/2025 02:30:00,0,1224,0,391
12/31/2025 03:00:00,0,1395,0,471
12/31/2025 03:30:00,0,1301,0,383
12/31/2025 04:00:00,0,1276,0,391
12/31/2025 04:30:00,0,1269,0,386
12/31/2025 05:00:00,0,1134,0,353
12/31/2025 05:30:00,0,1259,0,429
12/31/2025 06:00:00,0,1161,0,362
12/31/2025 06:30:00,0,815,0,213
12/31/2025 07:00:00,0,951,0,303
12/31/2025 07:30:00,0,1047,0,349
12/31/2025 08:00:00,0,910,0,288
12/31/2025 08:30:00,0,900,0,307
12/31/2025 09:00:00,0,975,0,349
12/31/2025 09:30:00,0,1001,0,406
12/31/2025 10:00:00,0,1017,0,456
12/31/2025 10:30:00,0,1183,0,453
12/31/2025 11:00:00,0,788,0,317
12/31/2025 11:30:00,0,680,0,316
12/31/2025 12:00:00,0,847,0,399
12/31/2025 12:30:00,0,899,0,401
12/31/2025 13:00:00,0,687,0,317
12/31/2025 13:30:00,0,354,0,268
12/31/2025 14:00:00,0,534,0,278
12/31/2025 14:30:00,0,805,0,377
12/31/2025 15:00:00,0,1064,0,446
12/31/2025 15:30:00,0,1038,0,434
12/31/2025 16:00:00,0,1082,0,454
12/31/2025 16:30:00,0,922,0,422
12/31/2025 17:00:00,0,910,0,371
12/31/2025 17:30:00,0,832,0,293
12/31/2025 18:00:00,0,1128,0,388
12/31/2025 18:30:00,0,1144,0,371
12/31/2025 19:00:00,0,1193,0,390
12/31/2025 19:30:00,0,1146,0,370
12/31/2025 20:00:00,0,950,0,268
12/31/2025 20:30:00,0,917,0,281
12/31/2025 21:00:00,0,1144,0,363
12/31/2025 21:30:00,0,1240,0,388
12/31/2025 22:00:00,0,1234,0,396
12/31/2025 22:30:00,0,1281,0,418
12/31/2025 23:00:00,0,1239,0,415
12/31/2025 23:30:00,0,1213,0,373
01/01/2026 00:00:00,0,1154,0,346
